Transaction_ID,Date,Items
T0001,01-01-2024,"butter, bread, cereal, jam, biscuits"
T0002,01-01-2024,"cake, eggs, bananas"
T0003,01-01-2024,"yogurt, chocolate, bananas, soft drink, chips"
T0004,01-01-2024,"sugar, milk, coffee"
T0005,02-01-2024,"cereal, bread, milk, rice"
T0006,02-01-2024,"rice, bananas, milk, onions, butter, tomatoes, cheese, cooking oil, bread, eggs"
T0007,02-01-2024,"rice, salt, milk"
T0008,02-01-2024,"diapers, detergent, milk"
T0009,02-01-2024,"soap, shampoo, toothpaste"
T0010,02-01-2024,"milk, biscuits, tea, soap, toilet paper, sugar, detergent, cereal"
T0011,02-01-2024,"rice, chicken, soap, toothpaste, potatoes, onions, eggs, shampoo"
T0012,02-01-2024,"cheese, onions, pasta, bread, detergent, cooking oil"
T0013,02-01-2024,"onions, soft drink, cereal, chicken, cooking oil, milk, chips"
T0014,02-01-2024,"bread, noodles, butter, milk, eggs, tomatoes"
T0015,03-01-2024,"cheese, pasta, onions, tomatoes"
T0016,03-01-2024,"butter, sugar, chicken, bananas, apples, bread, eggs"
T0017,03-01-2024,"potatoes, milk, buns, tomatoes, onions, cooking oil"
T0018,03-01-2024,"onions, potatoes, milk, cooking oil, cereal, rice"
T0019,03-01-2024,"juice, eggs"
T0020,03-01-2024,"coffee, milk, toothpaste, soap, cereal, shampoo"
T0021,03-01-2024,"tea, chips, biscuits, rice, milk, chicken, juice, sugar, soft drink, cooking oil, butter"
T0022,03-01-2024,"shampoo, soap, bread, toothpaste"
T0023,04-01-2024,"bananas, rice, chicken, biscuits, pasta, pasta sauce"
T0024,04-01-2024,"apples, bananas"
T0025,05-01-2024,"milk, bread, butter, juice"
T0026,05-01-2024,"milk, bread, noodles, sugar, butter"
T0027,05-01-2024,"apples, flour, bananas, juice, eggs, yogurt, rice, chicken, sugar"
T0028,06-01-2024,"shampoo, butter, bananas, soap, bread, juice, eggs, yogurt, milk"
T0029,06-01-2024,"diapers, bread, milk"
T0030,06-01-2024,"salt, bread, yogurt"
T0031,06-01-2024,"eggs, noodles"
T0032,06-01-2024,"potatoes, cooking oil, bananas, tomatoes, rice, yogurt"
T0033,07-01-2024,"eggs, bread, butter, flour"
T0034,07-01-2024,"cooking oil, toothpaste, rice, salt, milk, shampoo, onions, baby food, diapers, tomatoes"
T0035,07-01-2024,"sugar, cooking oil, milk, bread, butter, coffee, chicken, rice"
T0036,08-01-2024,"tea, pasta sauce, eggs, noodles, cheese, sugar, milk, pasta, butter, biscuits, bread"
T0037,08-01-2024,"butter, potatoes"
T0038,08-01-2024,"soft drink, chips, onions"
T0039,09-01-2024,"cheese, bread, tea, yogurt, milk, ketchup, buns, apples, sugar, bananas, eggs"
T0040,09-01-2024,"pasta sauce, onions, pasta, cheese"
T0041,09-01-2024,"milk, onions, chocolate"
T0042,09-01-2024,"salt, bread, onions, tomatoes, cooking oil, sugar"
T0043,09-01-2024,"sugar, tea, tomatoes, onions"
T0044,09-01-2024,"chicken, onions, bread"
T0045,11-01-2024,"chips, soft drink, detergent, soap, toilet paper"
T0046,11-01-2024,"milk, apples, tea, bananas, juice, sugar"
T0047,11-01-2024,"sugar, bread, milk, yogurt, butter, eggs"
T0048,11-01-2024,"chips, soft drink, chocolate"
T0049,11-01-2024,"soft drink, chips, bread"
T0050,11-01-2024,"tomatoes, eggs, potatoes, cheese, onions, salt, cooking oil, chicken, milk, pasta, ketchup, pasta sauce, coffee"
T0051,12-01-2024,"apples, bread"
T0052,12-01-2024,"tomatoes, chocolate"
T0053,13-01-2024,"biscuits, detergent, milk, eggs, chocolate, coffee, butter, toilet paper, sugar"
T0054,13-01-2024,"chips, flour, juice, rice, toothpaste, eggs, soft drink, chicken, sugar, bananas, butter"
T0055,13-01-2024,"milk, tomatoes, bread, onions, rice, eggs, cooking oil, jam"
T0056,14-01-2024,"cooking oil, milk, cake"
T0057,14-01-2024,"noodles, cake, coffee, eggs, butter, biscuits, bread"
T0058,14-01-2024,"cereal, milk, chips, soft drink"
T0059,14-01-2024,"butter, bread, milk"
T0060,14-01-2024,"eggs, bread, butter, milk, chips, buns, chicken, cheese, ketchup"
T0061,14-01-2024,"chicken, mayonnaise, buns, ketchup"
T0062,14-01-2024,"bread, butter, eggs, jam, milk"
T0063,15-01-2024,"cooking oil, tomatoes, apples, bananas, yogurt, salt, onions, bread, rice"
T0064,16-01-2024,"toilet paper, toothpaste, flour, butter, sugar, bananas, detergent, eggs, shampoo"
T0065,16-01-2024,"chips, onions, soft drink, tomatoes, chicken, rice, chocolate, cheese, bananas, cooking oil"
T0066,17-01-2024,"chips, bananas, milk, bread, eggs, soft drink, sugar, cereal, jam, butter, coffee"
T0067,17-01-2024,"butter, chocolate, jam, bread, soft drink, biscuits, milk, chips, tea, juice"
T0068,17-01-2024,"chocolate, sugar, milk, bread, butter"
T0069,18-01-2024,"biscuits, milk, rice, butter, salt, tomatoes, soft drink, sugar, chocolate, bread, tea, eggs, onions"
T0070,18-01-2024,"biscuits, shampoo, tea, apples, sugar, toothpaste"
T0071,18-01-2024,"biscuits, apples, juice, soap, tomatoes, rice, onions, eggs, butter, bread, milk, jam, detergent"
T0072,18-01-2024,"butter, tea, biscuits, onions, sugar, salt, bread, tomatoes, rice, eggs"
T0073,18-01-2024,"milk, bread, eggs, bananas, butter"
T0074,18-01-2024,"potatoes, chips, onions, rice, tomatoes, salt"
T0075,18-01-2024,"rice, soft drink, chips, onions, shampoo, potatoes, tomatoes, noodles"
T0076,19-01-2024,"sugar, bread, detergent, toilet paper, milk, butter, eggs, flour"
T0077,19-01-2024,"cereal, milk"
T0078,19-01-2024,"cooking oil, milk"
T0079,19-01-2024,"milk, bananas"
T0080,20-01-2024,"toothpaste, tomatoes, shampoo"
T0081,20-01-2024,"eggs, rice, tomatoes, salt, soap, biscuits, detergent, onions, potatoes"
T0082,21-01-2024,"potatoes, cheese, milk, bread, eggs, jam"
T0083,21-01-2024,"cereal, tomatoes, bananas"
T0084,21-01-2024,"apples, yogurt, bananas, pasta sauce, milk, bread, pasta, cheese, butter, eggs"
T0085,21-01-2024,"tomatoes, soft drink, yogurt, salt, juice, onions, bananas, cooking oil, apples, rice, chips, chocolate"
T0086,21-01-2024,"bananas, eggs, bread"
T0087,21-01-2024,"bread, jam, milk, eggs, butter"
T0088,21-01-2024,"toilet paper, chips, coffee, sugar, detergent, soap, soft drink, milk, juice"
T0089,22-01-2024,"onions, shampoo, tomatoes, potatoes, soap, toothpaste"
T0090,23-01-2024,"cooking oil, onions, rice, potatoes, tomatoes"
T0091,23-01-2024,"ketchup, tomatoes, buns, biscuits, cheese, mayonnaise"
T0092,23-01-2024,"milk, chicken"
T0093,23-01-2024,"milk, butter, flour, pasta, sugar, eggs, pasta sauce, cheese"
T0094,23-01-2024,"rice, tomatoes, salt"
T0095,24-01-2024,"chicken, mayonnaise, buns, cheese, ketchup"
T0096,24-01-2024,"potatoes, rice, noodles, tomatoes, ketchup, onions"
T0097,24-01-2024,"milk, bread"
T0098,24-01-2024,"onions, milk, butter, bread, eggs"
T0099,24-01-2024,"bread, onions, cooking oil, tomatoes, potatoes, rice"
T0100,24-01-2024,"fish, biscuits"
T0101,25-01-2024,"bread, milk, eggs, yogurt, butter"
T0102,25-01-2024,"sugar, coffee, milk, butter, bread"
T0103,25-01-2024,"apples, yogurt, bananas"
T0104,25-01-2024,"milk, onions, rice, bread, potatoes, cooking oil, tomatoes"
T0105,25-01-2024,"coffee, chips, onions, apples, soft drink, chicken, cooking oil, chocolate, juice, bananas, rice, eggs"
T0106,25-01-2024,"soap, bread, yogurt, milk"
T0107,26-01-2024,"onions, soft drink, chips"
T0108,26-01-2024,"tomatoes, noodles, eggs, rice"
T0109,26-01-2024,"milk, eggs, bananas, butter, cereal, pasta, biscuits"
T0110,27-01-2024,"butter, cheese, ketchup, chicken, yogurt, buns"
T0111,27-01-2024,"juice, soft drink, eggs, milk, yogurt, bread, butter, cooking oil, sugar, chips"
T0112,27-01-2024,"coffee, sugar, apples, juice, milk, bananas, yogurt, chips"
T0113,27-01-2024,"jam, butter, chips, milk, eggs, bread"
T0114,27-01-2024,"fish, rice, tea, chicken, cooking oil"
T0115,28-01-2024,"coffee, jam, biscuits, tea, eggs, milk, bread, sugar"
T0116,28-01-2024,"flour, tea, bananas, eggs, sugar, milk, biscuits"
T0117,28-01-2024,"cereal, cake, sugar, bananas, milk, bread"
T0118,29-01-2024,"salt, onions, rice, tomatoes, shampoo, soap"
T0119,29-01-2024,"potatoes, chocolate, cooking oil, milk, tomatoes, rice"
T0120,29-01-2024,"cooking oil, soap, chips, tomatoes, toilet paper, detergent, salt"
T0121,29-01-2024,"yogurt, chips, apples, soft drink, coffee, bananas"
T0122,30-01-2024,"tea, milk, bread, butter"
T0123,30-01-2024,"chips, tomatoes"
T0124,31-01-2024,"rice, tomatoes, potatoes, eggs, noodles, bread, onions, milk"
T0125,31-01-2024,"butter, milk, rice, potatoes, onions, cereal, bread"
T0126,31-01-2024,"eggs, cooking oil, pasta sauce, bread, butter, jam, onions, milk, chicken"
T0127,31-01-2024,"rice, milk, bananas"
T0128,31-01-2024,"baby food, diapers"
T0129,31-01-2024,"tea, biscuits, cereal, soft drink, milk, potatoes, chips, rice, coffee, tomatoes, sugar, onions"
T0130,31-01-2024,"soap, juice, toilet paper, tea, rice, sugar, apples, bananas"
T0131,01-02-2024,"bread, tomatoes, chips, soft drink, butter"
T0132,01-02-2024,"jam, milk, butter"
T0133,01-02-2024,"onions, bananas, potatoes, yogurt, tea, apples, pasta sauce"
T0134,02-02-2024,"bread, soft drink, eggs, butter, soap, shampoo, toothpaste, jam, chocolate"
T0135,02-02-2024,"cooking oil, onions, salt, shampoo, rice, toothpaste, tomatoes, potatoes"
T0136,02-02-2024,"potatoes, onions"
T0137,03-02-2024,"yogurt, fish"
T0138,03-02-2024,"milk, yogurt, bread, eggs"
T0139,03-02-2024,"bread, butter, jam, milk, chips"
T0140,03-02-2024,"cheese, tomatoes, sugar, pasta, rice, apples, potatoes, onions, bananas, pasta sauce"
T0141,04-02-2024,"butter, bread, milk, eggs, pasta sauce, pasta, jam"
T0142,04-02-2024,"tea, sugar, milk, ketchup, noodles, soft drink, chips, rice, biscuits, chicken, cereal, cooking oil"
T0143,05-02-2024,"chocolate, mayonnaise, biscuits, cheese, milk, soap, ketchup, tea, buns"
T0144,06-02-2024,"milk, bananas, sugar, butter, yogurt, baby food, chips, biscuits, tea, cereal, eggs, diapers, juice, bread"
T0145,06-02-2024,"chocolate, chips"
T0146,06-02-2024,"milk, butter"
T0147,06-02-2024,"chips, chocolate, soft drink"
T0148,06-02-2024,"onions, milk, tomatoes, rice, eggs, bread"
T0149,07-02-2024,"pasta sauce, yogurt, chips, pasta, cheese"
T0150,07-02-2024,"milk, bread, sugar, jam, coffee, butter"
T0151,07-02-2024,"pasta, pasta sauce"
T0152,08-02-2024,"butter, flour, chips, eggs, sugar"
T0153,08-02-2024,"butter, eggs"
T0154,08-02-2024,"eggs, soft drink, apples, detergent, milk, toilet paper, ketchup, bread, noodles, chocolate, chips"
T0155,09-02-2024,"milk, soft drink, tea, chocolate, rice, biscuits, chips, eggs, bread"
T0156,09-02-2024,"chips, potatoes, tomatoes, pasta sauce, pasta, chocolate, soft drink, onions, bread"
T0157,09-02-2024,"chicken, milk, cereal"
T0158,09-02-2024,"onions, cooking oil, potatoes, ketchup, cheese, buns, chicken, tomatoes, mayonnaise, cake, rice, yogurt"
T0159,09-02-2024,"coffee, onions, shampoo, soap, buns, chicken, toothpaste, cheese, ketchup"
T0160,09-02-2024,"bread, butter, jam, eggs, cooking oil, chocolate, potatoes, chicken, milk, onions"
T0161,09-02-2024,"ketchup, fish, noodles, eggs"
T0162,10-02-2024,"baby food, milk, chips, diapers"
T0163,10-02-2024,"eggs, milk, chicken, bread, potatoes, jam, butter"
T0164,10-02-2024,"biscuits, milk, tea, sugar, bread"
T0165,10-02-2024,"pasta, chips, soft drink, cheese, pasta sauce"
T0166,10-02-2024,"chicken, cheese, bread, buns, mayonnaise"
T0167,10-02-2024,"coffee, soft drink, juice, potatoes, apples, chips, onions, cooking oil, tomatoes"
T0168,10-02-2024,"juice, cooking oil, tomatoes, onions, rice, potatoes, chocolate"
T0169,10-02-2024,"yogurt, bananas, biscuits, butter, tea, milk, apples, bread"
T0170,11-02-2024,"chocolate, milk, eggs, bread"
T0171,11-02-2024,"eggs, fish, milk"
T0172,11-02-2024,"pasta sauce, pasta, bread, eggs, milk"
T0173,12-02-2024,"cereal, chocolate, milk"
T0174,12-02-2024,"butter, chocolate, bread, milk, soft drink"
T0175,12-02-2024,"bread, rice, milk, baby food, diapers"
T0176,12-02-2024,"apples, eggs, chips, soft drink, butter, coffee, bread"
T0177,12-02-2024,"cooking oil, juice"
T0178,12-02-2024,"onions, rice, bread, tomatoes, potatoes, eggs"
T0179,13-02-2024,"diapers, butter, tomatoes, eggs, baby food"
T0180,13-02-2024,"chips, toothpaste"
T0181,14-02-2024,"milk, soap, detergent, toilet paper, cereal"
T0182,14-02-2024,"soap, tea, milk, sugar"
T0183,15-02-2024,"flour, soft drink, onions, sugar, cooking oil, potatoes, butter, eggs, chips, bread, rice"
T0184,15-02-2024,"coffee, pasta sauce, eggs, cooking oil, onions, soft drink, milk, cheese, pasta"
T0185,15-02-2024,"tea, biscuits"
T0186,16-02-2024,"cheese, rice, yogurt, pasta sauce, onions, pasta"
T0187,16-02-2024,"soft drink, chocolate, chips"
T0188,16-02-2024,"chips, cheese, noodles, cereal, chocolate, bread, milk, ketchup, pasta sauce, soft drink, pasta, bananas"
T0189,16-02-2024,"fish, sugar, tea, milk"
T0190,16-02-2024,"eggs, chicken, bread, biscuits, tea, milk"
T0191,16-02-2024,"juice, chips, eggs, soft drink, bread, apples, butter, milk"
T0192,16-02-2024,"toilet paper, eggs, detergent, chicken, rice, bread, milk"
T0193,16-02-2024,"rice, bread, onions, cooking oil, sugar"
T0194,16-02-2024,"apples, biscuits, sugar, tea"
T0195,17-02-2024,"chips, yogurt, chicken"
T0196,17-02-2024,"rice, onions, eggs, bread, coffee, tomatoes, salt, cooking oil, milk, juice, jam, butter"
T0197,17-02-2024,"sugar, chips, soft drink"
T0198,17-02-2024,"jam, coffee, biscuits, eggs, milk, butter, bread, sugar, yogurt, chips, tea"
T0199,18-02-2024,"biscuits, tea, sugar, chips, yogurt, soft drink, milk, mayonnaise, ketchup, bananas, buns"
T0200,18-02-2024,"cereal, milk, soap, butter, detergent, bananas, bread"
T0201,18-02-2024,"chips, soft drink, noodles, ketchup"
T0202,19-02-2024,"bananas, coffee, onions, pasta, milk, pasta sauce, sugar"
T0203,19-02-2024,"cooking oil, milk, jam, bread, salt, butter"
T0204,19-02-2024,"pasta sauce, bread, pasta, toilet paper, detergent, chips, soft drink, soap"
T0205,19-02-2024,"milk, juice, chicken"
T0206,19-02-2024,"cake, chicken"
T0207,20-02-2024,"eggs, chips, bread, cereal, milk, jam, butter"
T0208,20-02-2024,"apples, salt"
T0209,20-02-2024,"milk, cereal, bread, chicken, bananas"
T0210,20-02-2024,"salt, bread, onions, tomatoes"
T0211,20-02-2024,"bananas, biscuits, yogurt, tea, sugar"
T0212,21-02-2024,"rice, milk, chocolate, coffee"
T0213,22-02-2024,"chicken, rice, potatoes, cooking oil, tomatoes, milk, cereal, onions, bananas"
T0214,22-02-2024,"chips, onions"
T0215,22-02-2024,"potatoes, milk, coffee"
T0216,22-02-2024,"bread, sugar, eggs, milk, flour, butter"
T0217,22-02-2024,"cheese, milk, bread, pasta, eggs, coffee"
T0218,23-02-2024,"tomatoes, onions, potatoes, yogurt, rice"
T0219,23-02-2024,"jam, eggs, bread, toothpaste, milk, butter, potatoes"
T0220,24-02-2024,"onions, rice, coffee, milk, chicken, cooking oil, sugar, potatoes, salt, cake"
T0221,24-02-2024,"chips, milk"
T0222,24-02-2024,"potatoes, yogurt, butter, apples, bread, eggs, milk, soft drink, noodles, bananas, chips"
T0223,24-02-2024,"chips, pasta sauce, chocolate, pasta, cheese, buns, soft drink, ketchup"
T0224,24-02-2024,"onions, rice, cooking oil, chicken"
T0225,24-02-2024,"shampoo, onions, bread, butter, toothpaste"
T0226,24-02-2024,"ketchup, detergent, eggs, noodles, soap"
T0227,24-02-2024,"bread, coffee, milk, butter, biscuits, eggs"
T0228,24-02-2024,"ketchup, fish, noodles"
T0229,24-02-2024,"butter, bread, jam, rice"
T0230,24-02-2024,"bread, juice, cereal, milk"
T0231,25-02-2024,"eggs, coffee, noodles, tea, bread, milk"
T0232,25-02-2024,"pasta, cheese, biscuits, onions, pasta sauce, tea, milk, sugar"
T0233,25-02-2024,"biscuits, cooking oil, onions, rice, tomatoes"
T0234,25-02-2024,"detergent, eggs, chips, coffee, soap, toilet paper"
T0235,26-02-2024,"cereal, milk, bread, soft drink, eggs"
T0236,26-02-2024,"toothpaste, eggs, bread, jam, chips, soap, soft drink"
T0237,26-02-2024,"eggs, tea, biscuits"
T0238,26-02-2024,"sugar, bananas, soft drink, juice, tea, chips, biscuits, yogurt, apples"
T0239,26-02-2024,"potatoes, soft drink"
T0240,26-02-2024,"milk, butter, bread"
T0241,26-02-2024,"tea, soft drink, eggs, butter, biscuits, sugar, jam, onions, rice, milk"
T0242,27-02-2024,"sugar, tea, shampoo, soft drink, chips, soap, bread, juice, biscuits"
T0243,27-02-2024,"milk, bread, eggs, bananas, butter, cereal"
T0244,27-02-2024,"diapers, onions, baby food"
T0245,27-02-2024,"tomatoes, rice, cooking oil, potatoes, eggs, butter, onions"
T0246,27-02-2024,"chocolate, butter, milk, bread"
T0247,28-02-2024,"bananas, potatoes, onions, salt, apples, milk, rice, chips, juice, tomatoes, yogurt"
T0248,28-02-2024,"biscuits, ketchup, milk, eggs, sugar, noodles, tea"
T0249,28-02-2024,"bread, milk, apples, jam, butter, bananas"
T0250,29-02-2024,"yogurt, apples, juice, soft drink, cereal, milk, bananas"
T0251,29-02-2024,"bread, cooking oil, tomatoes, rice, eggs, milk, butter, salt, potatoes, onions"
T0252,29-02-2024,"milk, sugar, biscuits, eggs, bread, tea"
T0253,01-03-2024,"milk, yogurt, bread"
T0254,01-03-2024,"toilet paper, sugar, bread, coffee, soap, biscuits"
T0255,01-03-2024,"cooking oil, tomatoes, potatoes, noodles, rice, yogurt, onions, salt, eggs"
T0256,02-03-2024,"chocolate, cheese, butter, jam, eggs, milk, bread, soft drink, chips"
T0257,02-03-2024,"yogurt, onions, rice, chicken, salt"
T0258,02-03-2024,"tea, milk, pasta, noodles, biscuits, shampoo, ketchup, toothpaste"
T0259,03-03-2024,"sugar, salt, yogurt"
T0260,03-03-2024,"eggs, milk, salt, onions, cereal, jam, potatoes, bread, rice, tomatoes, bananas, cooking oil, yogurt, butter"
T0261,03-03-2024,"tea, soft drink, salt, bread, rice, milk, onions, biscuits, tomatoes, cooking oil, sugar, butter"
T0262,03-03-2024,"toilet paper, detergent, soap"
T0263,03-03-2024,"bananas, soft drink"
T0264,04-03-2024,"butter, milk, juice, bread, chips, soft drink, rice"
T0265,04-03-2024,"bread, milk, bananas, butter"
T0266,04-03-2024,"butter, soap, onions, bread, milk, jam, detergent, toilet paper"
T0267,05-03-2024,"butter, cheese, sugar, pasta, milk, eggs, chips, pasta sauce"
T0268,05-03-2024,"bananas, cooking oil, tomatoes, milk, rice, butter, bread, detergent, chicken"
T0269,06-03-2024,"soap, cake, potatoes, tea, sugar, biscuits"
T0270,06-03-2024,"potatoes, rice, onions, apples, tomatoes, cooking oil, bread"
T0271,06-03-2024,"bananas, apples, yogurt"
T0272,06-03-2024,"flour, butter, bananas, shampoo, sugar, eggs, milk, cereal, toothpaste"
T0273,06-03-2024,"milk, soft drink"
T0274,07-03-2024,"onions, rice, tomatoes, potatoes"
T0275,07-03-2024,"eggs, onions, biscuits, potatoes, bread, butter, rice, cooking oil, milk, tomatoes"
T0276,08-03-2024,"chicken, cooking oil, noodles, rice"
T0277,08-03-2024,"biscuits, fish, tea, milk, chips"
T0278,08-03-2024,"chocolate, apples, chips, bananas, onions"
T0279,08-03-2024,"rice, eggs"
T0280,10-03-2024,"butter, eggs, bread, chocolate, detergent, toilet paper, yogurt, milk"
T0281,10-03-2024,"yogurt, noodles"
T0282,10-03-2024,"rice, chicken"
T0283,11-03-2024,"rice, cereal, tomatoes, onions, milk, potatoes, bread, bananas"
T0284,11-03-2024,"rice, onions, ketchup, potatoes, buns, tomatoes, tea, chicken, mayonnaise"
T0285,11-03-2024,"chicken, cooking oil, rice"
T0286,12-03-2024,"tomatoes, tea, chicken"
T0287,12-03-2024,"cheese, ketchup, chicken, buns, mayonnaise, tomatoes, bread"
T0288,12-03-2024,"eggs, butter, bread, milk"
T0289,13-03-2024,"butter, sugar, chicken, rice, onions, milk, bread, jam, coffee, flour, cooking oil"
T0290,13-03-2024,"milk, tomatoes, onions, cooking oil, biscuits, coffee, rice, sugar"
T0291,14-03-2024,"bread, sugar, cooking oil, eggs, milk"
T0292,14-03-2024,"bread, milk, jam, butter"
T0293,15-03-2024,"cheese, pasta, pasta sauce"
T0294,15-03-2024,"milk, biscuits, tea, potatoes, cheese"
T0295,15-03-2024,"milk, jam, toothpaste, eggs"
T0296,15-03-2024,"cereal, chips, eggs, milk, bananas"
T0297,15-03-2024,"soft drink, chips, juice"
T0298,15-03-2024,"biscuits, chips, tea"
T0299,16-03-2024,"tomatoes, chicken, onions, salt, cooking oil, rice"
T0300,16-03-2024,"potatoes, chocolate, tea, biscuits, flour, sugar, eggs, bread"
T0301,16-03-2024,"chicken, milk, bread, butter, eggs"
T0302,16-03-2024,"potatoes, soft drink, chips, milk, chocolate"
T0303,16-03-2024,"butter, jam, eggs, milk"
T0304,16-03-2024,"onions, ketchup, chicken, tomatoes, potatoes, eggs, noodles, rice"
T0305,17-03-2024,"bread, coffee, potatoes, cooking oil, rice, sugar, tomatoes, onions"
T0306,17-03-2024,"eggs, flour, tea, butter, sugar"
T0307,17-03-2024,"cooking oil, onions, eggs, chicken, butter, bread, rice"
T0308,17-03-2024,"eggs, pasta sauce, rice, pasta, cheese, bananas"
T0309,18-03-2024,"apples, bananas, onions, pasta, pasta sauce, cheese, milk"
T0310,18-03-2024,"noodles, ketchup"
T0311,18-03-2024,"chocolate, milk"
T0312,18-03-2024,"bread, milk, salt"
T0313,18-03-2024,"soft drink, yogurt, pasta sauce, bread, rice, butter, milk, chips, apples, bananas, tomatoes, potatoes, jam, pasta, onions, cheese, eggs"
T0314,19-03-2024,"butter, bread, milk, detergent"
T0315,19-03-2024,"onions, rice, salt, ketchup, fish, noodles, cooking oil, eggs, tomatoes"
T0316,19-03-2024,"toilet paper, sugar, tea, pasta, soap, detergent, onions, cheese, biscuits"
T0317,19-03-2024,"rice, bread, onions, potatoes, tomatoes, eggs, salt, cooking oil, milk, butter"
T0318,20-03-2024,"baby food, diapers"
T0319,20-03-2024,"bananas, ketchup, noodles, apples, eggs"
T0320,20-03-2024,"eggs, cheese"
T0321,20-03-2024,"cooking oil, detergent, rice, toilet paper, onions, soap"
T0322,20-03-2024,"tomatoes, salt, potatoes, rice, tea, cooking oil"
T0323,20-03-2024,"tea, onions, bread, biscuits, pasta sauce, pasta, cheese, milk, sugar"
T0324,20-03-2024,"soft drink, chips, chocolate"
T0325,20-03-2024,"chips, salt, soft drink, onions"
T0326,21-03-2024,"fish, soft drink"
T0327,21-03-2024,"milk, soap, toothpaste, shampoo"
T0328,22-03-2024,"flour, bread, eggs, sugar"
T0329,22-03-2024,"chips, noodles, buns, milk, sugar, chicken, onions, ketchup, cheese, biscuits, pasta, pasta sauce, tea"
T0330,22-03-2024,"cereal, biscuits, sugar, eggs, butter, potatoes, coffee, flour, milk"
T0331,22-03-2024,"milk, detergent, tomatoes, jam, rice, cooking oil, bread, onions, butter, toilet paper"
T0332,23-03-2024,"juice, tomatoes, cooking oil, rice, potatoes, eggs, detergent, toilet paper, onions, chips"
T0333,23-03-2024,"pasta, chicken, sugar, flour, eggs, butter, pasta sauce, rice, onions"
T0334,23-03-2024,"flour, bananas, sugar, cereal, milk"
T0335,23-03-2024,"butter, tomatoes, sugar, bread, flour, eggs"
T0336,23-03-2024,"sugar, rice, salt, eggs, onions"
T0337,23-03-2024,"soap, toothpaste, shampoo, milk"
T0338,24-03-2024,"rice, onions, chips, tomatoes, potatoes"
T0339,24-03-2024,"bananas, noodles"
T0340,25-03-2024,"chips, onions"
T0341,25-03-2024,"buns, chocolate, chips, chicken, sugar, onions, rice, ketchup, tea, cheese, potatoes, soft drink, tomatoes"
T0342,25-03-2024,"sugar, soft drink, eggs, chocolate, tomatoes, cooking oil, onions, butter, rice"
T0343,25-03-2024,"soft drink, tomatoes, onions, cooking oil, potatoes, rice, apples, bananas"
T0344,26-03-2024,"apples, cheese, biscuits, pasta sauce, pasta, chips, sugar, soft drink, tea"
T0345,26-03-2024,"chocolate, chips, chicken"
T0346,26-03-2024,"sugar, milk, biscuits, tea, coffee, bread"
T0347,26-03-2024,"potatoes, rice, onions, cooking oil"
T0348,27-03-2024,"bananas, cooking oil"
T0349,27-03-2024,"rice, tomatoes, potatoes, onions, milk, coffee"
T0350,27-03-2024,"chips, chocolate, bread, sugar, jam, flour, butter"
T0351,27-03-2024,"milk, cake, pasta sauce, detergent, toilet paper, pasta, biscuits, cheese"
T0352,28-03-2024,"tomatoes, onions, soap, shampoo, potatoes, toothpaste"
T0353,28-03-2024,"onions, biscuits, cooking oil, butter, potatoes, bread, milk, tomatoes, rice, sugar"
T0354,29-03-2024,"biscuits, diapers, baby food, yogurt, detergent, milk"
T0355,30-03-2024,"coffee, potatoes, pasta sauce, cereal, bread, butter, pasta, milk"
T0356,30-03-2024,"milk, bananas, bread, jam, eggs"
T0357,31-03-2024,"bread, cheese, milk, chicken, buns, ketchup, jam, butter"
T0358,31-03-2024,"apples, chips, soft drink, bananas, chocolate, yogurt"
T0359,31-03-2024,"tea, chicken, soft drink, sugar, rice, milk, chips, bread"
T0360,01-04-2024,"apples, onions"
T0361,01-04-2024,"buns, ketchup, milk, chicken, cheese, tea, mayonnaise, sugar"
T0362,01-04-2024,"chicken, buns, ketchup"
T0363,01-04-2024,"eggs, bread, milk, chips, soft drink, butter, salt"
T0364,02-04-2024,"ketchup, rice, salt, onions, eggs, potatoes, tomatoes, diapers, cooking oil, milk, baby food"
T0365,02-04-2024,"cheese, potatoes, onions, sugar, chips, tea, rice, chocolate, biscuits, milk, tomatoes"
T0366,02-04-2024,"butter, cereal, milk, eggs, flour, bread"
T0367,02-04-2024,"yogurt, detergent, milk, cereal"
T0368,02-04-2024,"onions, yogurt, apples, soft drink, chips"
T0369,03-04-2024,"chips, butter, bread, milk, eggs, soft drink"
T0370,04-04-2024,"shampoo, soap, toothpaste"
T0371,04-04-2024,"tea, biscuits, soft drink, sugar, juice, cereal, chocolate, milk"
T0372,04-04-2024,"eggs, rice, chicken, butter, jam, yogurt, onions, bread, milk"
T0373,04-04-2024,"fish, potatoes, tomatoes, rice, cooking oil, chicken, detergent, onions"
T0374,05-04-2024,"rice, potatoes, onions, tomatoes"
T0375,05-04-2024,"bread, milk"
T0376,05-04-2024,"bread, detergent, toilet paper"
T0377,06-04-2024,"bread, milk, soap, toilet paper, bananas, butter, toothpaste, eggs, jam, detergent, yogurt"
T0378,06-04-2024,"butter, onions, potatoes, bread, eggs, cooking oil, milk, rice, tomatoes"
T0379,06-04-2024,"soap, chips, shampoo, toothpaste, potatoes"
T0380,06-04-2024,"salt, eggs, onions, sugar, cooking oil"
T0381,07-04-2024,"chips, soft drink, chocolate, coffee, cooking oil, cereal, milk, potatoes"
T0382,07-04-2024,"pasta, cereal, bread, butter, cheese, pasta sauce"
T0383,07-04-2024,"soft drink, cooking oil, juice, potatoes, rice, salt, onions, eggs, chips, tomatoes"
T0384,07-04-2024,"cooking oil, salt, onions, tomatoes"
T0385,07-04-2024,"jam, potatoes, chips, onions, milk, soft drink, bread, tomatoes, cooking oil"
T0386,08-04-2024,"milk, sugar, bread"
T0387,08-04-2024,"tomatoes, bread"
T0388,09-04-2024,"onions, sugar, tea, biscuits, milk, rice, tomatoes, potatoes"
T0389,10-04-2024,"juice, bananas, cereal, milk"
T0390,10-04-2024,"biscuits, eggs, milk, jam, butter, sugar, bread, tea"
T0391,10-04-2024,"fish, cheese, cooking oil, pasta"
T0392,10-04-2024,"cereal, shampoo, rice, toothpaste, bread, milk, bananas"
T0393,10-04-2024,"potatoes, eggs, chicken"
T0394,10-04-2024,"cereal, pasta sauce, onions, milk, pasta"
T0395,10-04-2024,"cheese, sugar"
T0396,10-04-2024,"sugar, tea, shampoo, soap, rice, cooking oil, milk, onions, tomatoes, toothpaste"
T0397,10-04-2024,"milk, eggs, bread, cereal"
T0398,11-04-2024,"milk, cereal, eggs, sugar, flour, diapers, baby food, butter"
T0399,11-04-2024,"tea, chocolate, noodles, shampoo, baby food, ketchup, diapers, milk, toothpaste, biscuits, sugar, coffee"
T0400,12-04-2024,"eggs, sugar, flour, cereal, bread, tomatoes, milk, butter"
T0401,12-04-2024,"rice, chips, onions, soft drink, cooking oil, biscuits, tea, potatoes, sugar, salt, tomatoes"
T0402,12-04-2024,"buns, milk, onions, mayonnaise, cheese, chips, soft drink, ketchup, eggs, noodles"
T0403,13-04-2024,"tea, chocolate, chips, mayonnaise, buns, flour, eggs, chicken, butter, ketchup, sugar"
T0404,13-04-2024,"eggs, bananas"
T0405,13-04-2024,"apples, yogurt, bananas, tea, juice"
T0406,13-04-2024,"butter, cheese, bread, eggs"
T0407,14-04-2024,"rice, onions, cooking oil, cheese"
T0408,14-04-2024,"pasta, pasta sauce, cheese, bananas"
T0409,14-04-2024,"tomatoes, potatoes, cooking oil, soft drink, soap, chips, toilet paper, rice, onions, detergent"
T0410,14-04-2024,"cooking oil, onions, salt, biscuits, rice, tomatoes, potatoes, bread"
T0411,15-04-2024,"cooking oil, eggs, milk, jam, salt, rice, butter, onions, tomatoes, bread, potatoes"
T0412,15-04-2024,"yogurt, biscuits, apples, tomatoes, bananas, coffee, potatoes, cooking oil, onions, sugar, salt, milk, rice"
T0413,15-04-2024,"milk, cheese, butter, eggs, bread"
T0414,15-04-2024,"buns, ketchup, onions, bananas, cheese"
T0415,15-04-2024,"eggs, milk, onions, coffee, cheese, ketchup, cooking oil, tomatoes, potatoes, rice, buns"
T0416,15-04-2024,"bread, jam, milk, butter"
T0417,15-04-2024,"coffee, milk, yogurt, rice, chicken, salt, potatoes, onions, tomatoes"
T0418,15-04-2024,"cheese, buns, soft drink, chips, mayonnaise"
T0419,16-04-2024,"eggs, cake, milk, sugar, soft drink, tea"
T0420,16-04-2024,"onions, cereal, milk, bananas"
T0421,16-04-2024,"pasta sauce, cheese, pasta, cake, sugar, chips, milk, coffee"
T0422,16-04-2024,"cooking oil, pasta sauce, eggs, pasta, onions, milk, bread"
T0423,18-04-2024,"onions, cheese, milk, buns, chicken, noodles"
T0424,19-04-2024,"sugar, tea, biscuits, bread"
T0425,19-04-2024,"pasta, pasta sauce, onions, fish, cheese"
T0426,20-04-2024,"chicken, bread, butter, cooking oil, milk, onions, cereal"
T0427,20-04-2024,"butter, soft drink, potatoes, eggs, tea, bread, chips, milk, sugar"
T0428,20-04-2024,"sugar, milk, soft drink, chips, chocolate, eggs, coffee"
T0429,20-04-2024,"tea, bananas, sugar, milk"
T0430,21-04-2024,"biscuits, chocolate, juice, milk, chips, bread, cheese"
T0431,21-04-2024,"detergent, toilet paper, juice"
T0432,22-04-2024,"rice, onions, chicken, chips, bread, soft drink, butter, eggs, juice"
T0433,22-04-2024,"soap, bread, toothpaste, jam, butter, shampoo, yogurt"
T0434,22-04-2024,"milk, toilet paper, bread, detergent, diapers, pasta"
T0435,23-04-2024,"milk, onions"
T0436,23-04-2024,"noodles, eggs, milk, bread, cereal"
T0437,23-04-2024,"tomatoes, onions"
T0438,23-04-2024,"tomatoes, cooking oil, salt"
T0439,23-04-2024,"shampoo, toothpaste, biscuits, detergent, fish"
T0440,23-04-2024,"chips, coffee, milk, soft drink, bananas, cereal"
T0441,24-04-2024,"eggs, chips, bread, chocolate, soft drink, butter, milk, fish"
T0442,24-04-2024,"rice, cake, bananas, yogurt"
T0443,24-04-2024,"milk, toothpaste, tea, soap, sugar, biscuits, shampoo"
T0444,24-04-2024,"milk, cereal"
T0445,24-04-2024,"rice, biscuits"
T0446,24-04-2024,"bread, bananas, noodles, cereal, milk"
T0447,24-04-2024,"onions, soft drink, apples, bananas, chicken"
T0448,25-04-2024,"rice, pasta sauce, tea, cheese, biscuits, pasta"
T0449,25-04-2024,"milk, shampoo, toothpaste, chicken, onions"
T0450,25-04-2024,"sugar, soft drink, toothpaste, chips, juice, coffee"
T0451,25-04-2024,"potatoes, rice, tomatoes, onions"
T0452,25-04-2024,"rice, chicken"
T0453,25-04-2024,"soft drink, butter, coffee, chips, eggs, bread, milk"
T0454,26-04-2024,"jam, bread, butter, milk, onions, eggs, coffee, sugar"
T0455,26-04-2024,"milk, bread, pasta, bananas, tea, apples, butter, pasta sauce, jam"
T0456,26-04-2024,"tea, biscuits, pasta, sugar, cheese"
T0457,27-04-2024,"milk, diapers, baby food"
T0458,27-04-2024,"eggs, tea, jam, butter, flour, bread, sugar, milk"
T0459,27-04-2024,"jam, bananas, butter, bread, eggs, milk"
T0460,27-04-2024,"salt, rice, tomatoes, onions, cheese"
T0461,27-04-2024,"juice, rice"
T0462,27-04-2024,"onions, tomatoes, rice, chocolate, bread, eggs, cooking oil, milk, coffee"
T0463,27-04-2024,"onions, detergent, rice, toothpaste, soap, toilet paper, cooking oil, bananas"
T0464,27-04-2024,"chips, eggs, bread, flour, butter, jam, chocolate, sugar"
T0465,28-04-2024,"chips, chocolate, soft drink"
T0466,28-04-2024,"chicken, onions, bananas, rice, yogurt, baby food, apples, tomatoes, milk, cooking oil"
T0467,28-04-2024,"tea, milk, biscuits, bread, sugar, cereal"
T0468,29-04-2024,"coffee, eggs, sugar, biscuits, soft drink, chips, noodles"
T0469,29-04-2024,"salt, baby food, cooking oil, rice, milk, diapers, onions, potatoes"
T0470,29-04-2024,"cooking oil, eggs"
T0471,30-04-2024,"cooking oil, eggs"
T0472,30-04-2024,"biscuits, tea"
T0473,30-04-2024,"potatoes, salt, onions, chips, tomatoes"
T0474,30-04-2024,"biscuits, tomatoes, sugar, cooking oil, onions, rice, tea, chips, butter"
T0475,30-04-2024,"rice, chocolate"
T0476,01-05-2024,"rice, soap, chips, chocolate, juice, chicken, soft drink"
T0477,01-05-2024,"tomatoes, potatoes, onions, cooking oil"
T0478,01-05-2024,"butter, chicken, bread, onions, milk"
T0479,01-05-2024,"eggs, jam, bread, butter, milk"
T0480,02-05-2024,"shampoo, toothpaste, milk, soap"
T0481,02-05-2024,"rice, chips, cooking oil, tea"
T0482,03-05-2024,"cooking oil, potatoes, milk, rice, biscuits, diapers, tomatoes, baby food"
T0483,03-05-2024,"juice, chips"
T0484,03-05-2024,"chicken, eggs, chocolate, flour, soft drink, butter, potatoes, chips, rice, onions, sugar, tomatoes, cooking oil"
T0485,03-05-2024,"bread, apples, potatoes, detergent, toilet paper, soap"
T0486,03-05-2024,"sugar, biscuits, bananas, cereal, milk, tea"
T0487,04-05-2024,"toothpaste, tea, bread, biscuits, sugar, yogurt"
T0488,04-05-2024,"cereal, sugar, butter, bananas, tomatoes, rice, flour, onions, cooking oil, fish, eggs, milk, potatoes"
T0489,04-05-2024,"rice, chicken, milk, baby food, diapers"
T0490,04-05-2024,"onions, rice, potatoes, butter, bread, eggs, tomatoes, milk"
T0491,04-05-2024,"potatoes, onions, cheese, rice, apples, eggs, cooking oil"
T0492,05-05-2024,"coffee, biscuits"
T0493,05-05-2024,"milk, bananas, soft drink, chips, bread, chocolate, sugar, apples"
T0494,05-05-2024,"chips, butter, apples, eggs, soft drink"
T0495,05-05-2024,"potatoes, salt, milk, onions, cereal, cooking oil, rice, bananas, coffee"
T0496,05-05-2024,"onions, milk, butter, tea, jam, sugar, potatoes, tomatoes, rice, bread, salt"
T0497,05-05-2024,"pasta, onions, pasta sauce"
T0498,05-05-2024,"noodles, apples, eggs, ketchup"
T0499,06-05-2024,"eggs, jam, bread, milk, butter"
T0500,06-05-2024,"bread, milk, sugar, pasta, jam, biscuits, pasta sauce, butter, tea"
T0501,06-05-2024,"soap, toothpaste"
T0502,06-05-2024,"chips, tomatoes, potatoes, eggs, onions, pasta sauce, pasta, rice, cheese"
T0503,07-05-2024,"tomatoes, biscuits, sugar, tea, onions, potatoes"
T0504,07-05-2024,"milk, cereal, toothpaste, soap, bananas"
T0505,07-05-2024,"shampoo, soap, toothpaste"
T0506,07-05-2024,"butter, milk, noodles, soap, eggs"
T0507,07-05-2024,"cooking oil, chocolate, chips"
T0508,07-05-2024,"toothpaste, detergent, shampoo"
T0509,08-05-2024,"buns, cheese, mayonnaise, chicken"
T0510,08-05-2024,"cereal, salt, milk"
T0511,08-05-2024,"butter, bread, rice, milk, onions, salt"
T0512,08-05-2024,"milk, flour, tea, jam, chocolate, eggs, sugar, butter, bread"
T0513,08-05-2024,"potatoes, bread, tea, sugar, eggs, milk, butter"
T0514,08-05-2024,"tomatoes, pasta sauce, salt, eggs, bread, pasta, onions, potatoes"
T0515,08-05-2024,"milk, rice, baby food, toilet paper, detergent, diapers"
T0516,08-05-2024,"soap, yogurt"
T0517,08-05-2024,"soft drink, chips, bananas, cereal, milk, noodles, apples"
T0518,08-05-2024,"chocolate, chips, milk, bananas, soft drink"
T0519,08-05-2024,"coffee, potatoes"
T0520,08-05-2024,"toilet paper, cooking oil, rice, sugar, onions, coffee, tomatoes, detergent"
T0521,09-05-2024,"bread, butter, milk, jam, cereal, potatoes, eggs"
T0522,09-05-2024,"chips, chicken, onions, soft drink, flour, diapers, eggs"
T0523,09-05-2024,"cheese, salt, rice, chicken, bread, diapers, onions, pasta sauce, pasta"
T0524,09-05-2024,"bread, potatoes, milk"
T0525,09-05-2024,"bread, cereal, butter, jam, apples, bananas, milk"
T0526,10-05-2024,"noodles, diapers, eggs, tomatoes, milk, yogurt"
T0527,10-05-2024,"rice, noodles, toothpaste, ketchup, shampoo, salt, cooking oil, potatoes, cheese, onions, soap"
T0528,10-05-2024,"chicken, soft drink, bananas, onions, biscuits, apples"
T0529,10-05-2024,"bread, toothpaste, eggs, milk, shampoo"
T0530,10-05-2024,"cheese, ketchup, mayonnaise, buns, chicken, eggs"
T0531,10-05-2024,"sugar, tea, bread, milk, eggs, butter"
T0532,10-05-2024,"noodles, pasta, eggs, onions, rice, ketchup, salt, tomatoes, cheese"
T0533,10-05-2024,"milk, bananas, cereal, noodles"
T0534,10-05-2024,"sugar, bananas, tea, soft drink"
T0535,10-05-2024,"shampoo, soap, onions, rice, tomatoes, bread"
T0536,11-05-2024,"soap, rice, cooking oil, onions, chicken, tomatoes, toothpaste"
T0537,11-05-2024,"milk, bread, soft drink, chips, toothpaste, butter, eggs"
T0538,11-05-2024,"potatoes, bread, bananas, shampoo, rice, onions, tomatoes"
T0539,11-05-2024,"pasta sauce, eggs, milk, bread, pasta"
T0540,11-05-2024,"potatoes, juice, onions, bananas, rice, tomatoes, salt, cooking oil, apples, yogurt"
T0541,11-05-2024,"cake, toilet paper, detergent"
T0542,12-05-2024,"milk, soft drink, chips, bread, chocolate"
T0543,12-05-2024,"cooking oil, bananas, yogurt"
T0544,12-05-2024,"yogurt, tea, biscuits"
T0545,12-05-2024,"yogurt, ketchup, rice, juice, cheese, buns, bananas, apples"
T0546,13-05-2024,"chips, bananas, milk, buns, cereal, chicken"
T0547,13-05-2024,"bananas, milk, detergent, toilet paper, biscuits, eggs"
T0548,13-05-2024,"potatoes, tea, soap, apples, cooking oil, sugar, onions"
T0549,14-05-2024,"flour, rice, sugar, cooking oil, yogurt, onions, milk, eggs, coffee, tomatoes, potatoes"
T0550,14-05-2024,"onions, ketchup, cooking oil, cereal, milk, chips, chicken, buns"
T0551,14-05-2024,"onions, tomatoes, rice, cereal, pasta, milk, pasta sauce"
T0552,14-05-2024,"ketchup, milk, buns, fish, butter, sugar, bread"
T0553,15-05-2024,"pasta sauce, fish, soft drink, chocolate, pasta, chips"
T0554,15-05-2024,"bread, noodles"
T0555,15-05-2024,"jam, milk, biscuits, butter, eggs, bread"
T0556,15-05-2024,"tomatoes, bread, eggs, milk"
T0557,16-05-2024,"coffee, biscuits, sugar, juice, chicken"
T0558,16-05-2024,"potatoes, cooking oil, salt, sugar, milk, biscuits, onions, coffee, tomatoes, rice"
T0559,17-05-2024,"biscuits, sugar, tea, cooking oil, bread"
T0560,17-05-2024,"tomatoes, bread, pasta, rice"
T0561,17-05-2024,"sugar, milk, biscuits, coffee"
T0562,17-05-2024,"sugar, coffee, biscuits, tea, milk, cake"
T0563,17-05-2024,"biscuits, milk, sugar"
T0564,17-05-2024,"cooking oil, biscuits, rice, butter, coffee, tomatoes, milk, toilet paper, detergent, potatoes, onions"
T0565,18-05-2024,"biscuits, rice, potatoes, chicken, cooking oil"
T0566,18-05-2024,"chocolate, chips"
T0567,18-05-2024,"sugar, coffee, shampoo, soap, chocolate"
T0568,19-05-2024,"pasta, eggs, cheese, onions, tea, sugar, chips, biscuits"
T0569,19-05-2024,"milk, cereal, noodles"
T0570,19-05-2024,"bananas, biscuits"
T0571,19-05-2024,"noodles, soft drink, milk, yogurt, coffee, eggs, sugar, biscuits"
T0572,20-05-2024,"rice, salt, potatoes, bananas, soap, butter, eggs, jam, tomatoes, cooking oil, bread, onions, milk"
T0573,20-05-2024,"fish, chocolate, rice, soft drink, biscuits, coffee, chips, sugar, milk, tea"
T0574,20-05-2024,"buns, ketchup, noodles, toilet paper, detergent, cheese, chicken, cooking oil, eggs"
T0575,20-05-2024,"bread, butter, milk"
T0576,20-05-2024,"toothpaste, potatoes, bananas, cooking oil, shampoo, rice, onions, tomatoes"
T0577,20-05-2024,"cereal, milk"
T0578,20-05-2024,"juice, chocolate, chips, diapers, bread, bananas, apples, soft drink"
T0579,20-05-2024,"buns, ketchup, milk, chicken, onions, sugar, coffee, tomatoes"
T0580,20-05-2024,"biscuits, tea, milk"
T0581,20-05-2024,"butter, onions, milk, eggs, bread, biscuits, cereal"
T0582,20-05-2024,"cereal, milk, chips"
T0583,21-05-2024,"diapers, chips, baby food, chocolate"
T0584,21-05-2024,"salt, potatoes, tomatoes, milk, onions, cooking oil, rice"
T0585,21-05-2024,"eggs, soap, toothpaste"
T0586,21-05-2024,"rice, salt, jam, detergent, onions, bread, potatoes, butter, tomatoes, chips, soft drink"
T0587,21-05-2024,"eggs, shampoo, sugar, butter, soap, flour"
T0588,21-05-2024,"eggs, bread, milk"
T0589,22-05-2024,"pasta, jam, eggs, milk, detergent, bread, butter"
T0590,22-05-2024,"rice, tomatoes, yogurt, apples, bananas, salt"
T0591,23-05-2024,"apples, milk, biscuits, coffee, tea, tomatoes, fish, bananas, sugar, rice"
T0592,23-05-2024,"pasta, onions, sugar, tea, rice, biscuits, cheese"
T0593,23-05-2024,"soap, sugar, pasta, shampoo, toothpaste, tea"
T0594,23-05-2024,"yogurt, milk, eggs"
T0595,24-05-2024,"yogurt, potatoes, bananas, tomatoes, apples, rice, onions"
T0596,24-05-2024,"baby food, diapers, milk, tea, sugar, biscuits"
T0597,24-05-2024,"soap, toothpaste, butter, shampoo"
T0598,25-05-2024,"milk, sugar, yogurt, onions, cereal, rice, chicken, cooking oil"
T0599,25-05-2024,"cooking oil, potatoes, tomatoes, onions, rice, bananas"
T0600,25-05-2024,"rice, cake, yogurt"
T0601,25-05-2024,"cheese, chips, milk, juice, soft drink, shampoo, pasta, toothpaste, pasta sauce, soap"
T0602,25-05-2024,"butter, chicken, cooking oil, salt, tomatoes, onions, rice, bread"
T0603,25-05-2024,"bread, jam, eggs, chicken, noodles, milk"
T0604,26-05-2024,"pasta, onions, rice, pasta sauce, bread"
T0605,26-05-2024,"milk, butter, sugar, eggs, bread"
T0606,26-05-2024,"cooking oil, soft drink, cereal, potatoes, bananas, milk, bread, chips"
T0607,26-05-2024,"onions, chips, detergent, cheese"
T0608,27-05-2024,"cheese, rice, tomatoes, juice, apples, cooking oil, yogurt, bananas"
T0609,27-05-2024,"pasta sauce, tea, cheese, eggs, diapers, pasta"
T0610,27-05-2024,"milk, eggs, bread, butter"
T0611,27-05-2024,"biscuits, fish, sugar, eggs, tea"
T0612,28-05-2024,"tomatoes, bananas"
T0613,28-05-2024,"coffee, biscuits, bread, milk"
T0614,28-05-2024,"bread, eggs, jam, butter, potatoes"
T0615,28-05-2024,"chips, soft drink, coffee, milk, bread, butter, chocolate"
T0616,29-05-2024,"soft drink, detergent, apples, soap"
T0617,29-05-2024,"onions, sugar, tea, tomatoes, chicken, rice, biscuits, cooking oil, bananas, apples"
T0618,29-05-2024,"pasta, cheese, pasta sauce"
T0619,29-05-2024,"soft drink, chips, chocolate"
T0620,29-05-2024,"soap, detergent, rice, onions, cooking oil, milk, tomatoes"
T0621,29-05-2024,"tea, bread, biscuits, butter, milk"
T0622,30-05-2024,"bananas, tomatoes, rice, chocolate, chips, onions, cooking oil, soft drink"
T0623,30-05-2024,"onions, soft drink, noodles, coffee, sugar, chocolate, chicken, milk, bananas"
T0624,30-05-2024,"milk, biscuits"
T0625,31-05-2024,"ketchup, noodles, chips"
T0626,31-05-2024,"chips, buns, chicken, mayonnaise"
T0627,31-05-2024,"soap, toilet paper, detergent"
T0628,31-05-2024,"bananas, apples"
T0629,01-06-2024,"flour, yogurt, bread, butter, eggs"
T0630,01-06-2024,"salt, chicken, soft drink, flour, onions, cooking oil, sugar, bread, chips, apples, butter, juice, eggs"
T0631,02-06-2024,"rice, onions, potatoes, tomatoes, bread, cooking oil"
T0632,02-06-2024,"bread, eggs, milk"
T0633,02-06-2024,"pasta sauce, pasta, cheese, cooking oil"
T0634,02-06-2024,"chips, chicken, rice"
T0635,03-06-2024,"tea, chocolate"
T0636,03-06-2024,"mayonnaise, buns, cheese, ketchup, eggs, chicken"
T0637,03-06-2024,"milk, diapers, mayonnaise, buns, cheese, baby food, ketchup, onions"
T0638,04-06-2024,"toilet paper, detergent, pasta sauce, cake, bananas, pasta"
T0639,04-06-2024,"coffee, chips, milk"
T0640,04-06-2024,"soft drink, biscuits, chips"
T0641,05-06-2024,"milk, coffee, sugar"
T0642,05-06-2024,"sugar, coffee"
T0643,05-06-2024,"eggs, bread"
T0644,05-06-2024,"eggs, bread, salt, jam, milk, cheese, butter"
T0645,05-06-2024,"chips, sugar, tea, rice, onions, soft drink, bread, salt, chocolate, milk, tomatoes"
T0646,05-06-2024,"diapers, baby food, soft drink, milk"
T0647,05-06-2024,"potatoes, tomatoes, bread, diapers, baby food, rice, onions"
T0648,06-06-2024,"cheese, chicken, ketchup, buns"
T0649,06-06-2024,"jam, onions, eggs, rice, chicken, cooking oil, tomatoes, bread"
T0650,06-06-2024,"shampoo, milk, sugar, tea, biscuits"
T0651,06-06-2024,"milk, butter, bread"
T0652,07-06-2024,"sugar, bread, tea"
T0653,07-06-2024,"sugar, biscuits, milk, tea"
T0654,07-06-2024,"butter, milk, jam"
T0655,07-06-2024,"eggs, butter, flour, milk, chips, soft drink, bread, sugar"
T0656,07-06-2024,"diapers, biscuits, tea, sugar, milk, baby food"
T0657,07-06-2024,"milk, butter, eggs, bread, noodles"
T0658,07-06-2024,"soft drink, chips"
T0659,08-06-2024,"chocolate, apples, chips, bananas"
T0660,08-06-2024,"shampoo, soap, bread, cereal, milk, toothpaste"
T0661,08-06-2024,"apples, rice, tomatoes"
T0662,08-06-2024,"chocolate, bananas"
T0663,08-06-2024,"soft drink, shampoo, chips, juice, chocolate, toothpaste"
T0664,08-06-2024,"soap, shampoo, toothpaste, detergent"
T0665,09-06-2024,"cereal, bread, tomatoes, onions, potatoes, yogurt, eggs, rice, milk"
T0666,09-06-2024,"milk, bread, chips, eggs, soft drink, butter"
T0667,09-06-2024,"toilet paper, detergent, eggs, rice, soap"
T0668,09-06-2024,"pasta, cheese, pasta sauce, chips, eggs, soft drink"
T0669,09-06-2024,"tea, toilet paper, bread, butter, detergent, biscuits, fish, milk"
T0670,09-06-2024,"chicken, eggs, cheese, buns, sugar, coffee, milk, chips"
T0671,09-06-2024,"potatoes, eggs, milk, bread"
T0672,09-06-2024,"bread, salt"
T0673,10-06-2024,"toothpaste, bread, eggs, soft drink, milk, biscuits, sugar, cooking oil, tea"
T0674,10-06-2024,"rice, cooking oil, onions, tomatoes, butter, bread, potatoes"
T0675,10-06-2024,"fish, bananas, yogurt"
T0676,10-06-2024,"diapers, bread, tomatoes, potatoes, baby food, milk"
T0677,10-06-2024,"toothpaste, onions, chicken, rice"
T0678,10-06-2024,"cooking oil, onions, salt, tomatoes"
T0679,10-06-2024,"fish, cheese, bread, ketchup, buns"
T0680,11-06-2024,"sugar, tomatoes, onions, chips, rice, soft drink, potatoes"
T0681,11-06-2024,"flour, sugar, baby food, milk, bananas, butter, diapers"
T0682,11-06-2024,"chips, bread, coffee, soft drink, biscuits"
T0683,12-06-2024,"milk, bananas, cooking oil, bread, chips, soft drink, onions, salt, eggs, butter"
T0684,12-06-2024,"tomatoes, potatoes, onions, rice, pasta"
T0685,12-06-2024,"fish, butter, tomatoes"
T0686,12-06-2024,"rice, salt, milk, potatoes, onions, soap, shampoo, toothpaste, tomatoes"
T0687,12-06-2024,"chocolate, tea, sugar"
T0688,12-06-2024,"bread, eggs, jam, butter, milk"
T0689,12-06-2024,"chips, biscuits, soft drink"
T0690,13-06-2024,"pasta, eggs, detergent, cheese, pasta sauce, biscuits"
T0691,13-06-2024,"detergent, toilet paper, butter, milk, bread"
T0692,13-06-2024,"milk, bread, potatoes"
T0693,13-06-2024,"chicken, cooking oil, milk, bread, butter"
T0694,13-06-2024,"eggs, shampoo, soap, sugar"
T0695,14-06-2024,"biscuits, butter, milk, tea"
T0696,14-06-2024,"eggs, potatoes, tomatoes, salt, onions"
T0697,15-06-2024,"rice, bread, cooking oil, soap, detergent, chips, eggs, juice, chicken, tea"
T0698,15-06-2024,"jam, soap, bread"
T0699,16-06-2024,"tomatoes, salt, diapers, jam, chicken, baby food, pasta sauce, rice, onions, butter, pasta"
T0700,16-06-2024,"chips, pasta, cheese"
T0701,16-06-2024,"tomatoes, milk, biscuits, apples, bananas, sugar, yogurt, coffee"
T0702,16-06-2024,"tea, sugar, eggs, biscuits"
T0703,17-06-2024,"chicken, cooking oil, salt, rice, tomatoes"
T0704,18-06-2024,"bread, yogurt"
T0705,18-06-2024,"pasta sauce, pasta, salt, cheese"
T0706,18-06-2024,"chips, potatoes, rice, apples, tomatoes, cooking oil, bread, juice, chicken"
T0707,19-06-2024,"rice, cake"
T0708,19-06-2024,"soap, shampoo"
T0709,20-06-2024,"jam, eggs, bread, butter"
T0710,20-06-2024,"butter, shampoo, soft drink, chips, eggs, milk, bananas, sugar, noodles, coffee, apples, bread, soap, toothpaste, yogurt, ketchup, rice, biscuits"
T0711,20-06-2024,"yogurt, bread"
T0712,20-06-2024,"potatoes, bread, bananas, rice, onions"
T0713,20-06-2024,"milk, yogurt, bread, cheese, eggs, soap, mayonnaise, ketchup, buns, butter"
T0714,20-06-2024,"coffee, chicken, rice, cooking oil"
T0715,21-06-2024,"toilet paper, detergent"
T0716,21-06-2024,"sugar, bananas, chicken, chips, flour, soft drink, onions, tomatoes, butter"
T0717,21-06-2024,"tea, cake, biscuits, milk"
T0718,21-06-2024,"soft drink, milk, chips"
T0719,22-06-2024,"detergent, sugar, toothpaste"
T0720,22-06-2024,"tea, yogurt, chocolate, chips, sugar"
T0721,23-06-2024,"eggs, juice"
T0722,23-06-2024,"butter, bread, bananas"
T0723,23-06-2024,"soap, biscuits, cake"
T0724,23-06-2024,"soft drink, sugar, chocolate, yogurt, bread, milk, biscuits, coffee"
T0725,23-06-2024,"baby food, yogurt, juice, diapers, apples, tomatoes, bananas"
T0726,24-06-2024,"chocolate, chips, soft drink, detergent, toilet paper"
T0727,24-06-2024,"chips, chicken, bananas, coffee, ketchup, cheese, apples, sugar, juice, milk, salt, buns, onions, chocolate, rice"
T0728,24-06-2024,"butter, eggs, bread, milk"
T0729,24-06-2024,"butter, jam, bread, eggs, sugar, milk, flour"
T0730,24-06-2024,"sugar, biscuits, tea, milk"
T0731,24-06-2024,"apples, chocolate, yogurt, soft drink, bananas"
T0732,25-06-2024,"jam, butter, eggs, bread"
T0733,25-06-2024,"yogurt, coffee"
T0734,25-06-2024,"milk, tea"
T0735,25-06-2024,"soft drink, fish, tomatoes"
T0736,25-06-2024,"milk, tea, tomatoes, butter, sugar, bread, biscuits"
T0737,25-06-2024,"bananas, soft drink"
T0738,25-06-2024,"rice, tomatoes, bread, onions, milk, butter"
T0739,25-06-2024,"chips, soft drink"
T0740,25-06-2024,"biscuits, milk, sugar, tea, coffee"
T0741,26-06-2024,"bread, apples, tea, milk, jam, sugar, eggs"
T0742,26-06-2024,"bread, toilet paper, onions, milk, coffee, butter, chips, pasta, detergent, cheese"
T0743,26-06-2024,"butter, eggs, milk, bread, jam"
T0744,26-06-2024,"potatoes, tomatoes, milk"
T0745,26-06-2024,"shampoo, chocolate, pasta, toothpaste, onions"
T0746,26-06-2024,"bananas, sugar"
T0747,27-06-2024,"soap, chicken, pasta, shampoo, pasta sauce, potatoes, onions, sugar"
T0748,27-06-2024,"chicken, rice, biscuits, onions, coffee, cooking oil"
T0749,27-06-2024,"shampoo, toothpaste, soap, diapers, milk, baby food, butter, bread, potatoes, bananas"
T0750,27-06-2024,"butter, yogurt, tomatoes, milk, bread, salt, eggs, rice, onions, fish"
T0751,27-06-2024,"potatoes, tomatoes, rice, onions, cooking oil"
T0752,27-06-2024,"chocolate, pasta, cereal, bananas, pasta sauce, milk"
T0753,28-06-2024,"apples, potatoes, juice, bananas"
T0754,28-06-2024,"noodles, ketchup, coffee, chips, sugar, eggs"
T0755,28-06-2024,"soft drink, onions, rice"
T0756,28-06-2024,"chips, cheese, milk, soft drink, cereal, bread, butter, eggs"
T0757,29-06-2024,"rice, soft drink, chips, onions"
T0758,29-06-2024,"yogurt, onions, bananas"
T0759,30-06-2024,"cheese, pasta, pasta sauce, apples, bananas, yogurt, onions"
T0760,30-06-2024,"milk, cake, bananas"
T0761,30-06-2024,"milk, sugar, biscuits, tea, bread"
T0762,30-06-2024,"soft drink, milk, bread, butter"
T0763,30-06-2024,"eggs, bananas, salt, apples, potatoes, bread, juice, onions, rice, butter, tomatoes, milk"
T0764,30-06-2024,"soft drink, chocolate, rice, sugar, coffee, bananas, chips, tomatoes, potatoes, cooking oil, juice, onions"
T0765,01-07-2024,"milk, coffee, sugar, potatoes"
T0766,01-07-2024,"baby food, bread, eggs, milk, diapers"
T0767,01-07-2024,"chips, soap, coffee, soft drink, milk, yogurt, sugar, shampoo"
T0768,01-07-2024,"buns, bread, chicken"
T0769,01-07-2024,"eggs, onions, bread, milk, yogurt, butter"
T0770,02-07-2024,"chips, salt, soft drink, eggs, potatoes, chocolate, rice, tomatoes, onions"
T0771,02-07-2024,"onions, chicken, buns, ketchup, mayonnaise, cheese"
T0772,03-07-2024,"detergent, chips"
T0773,03-07-2024,"chicken, toilet paper, detergent"
T0774,03-07-2024,"buns, butter, milk, biscuits, bread, chips, chicken, ketchup"
T0775,03-07-2024,"cheese, cooking oil, milk, pasta, pasta sauce, onions, bread"
T0776,03-07-2024,"tea, yogurt, sugar, eggs, biscuits"
T0777,03-07-2024,"cooking oil, rice, ketchup, butter, eggs, jam, milk, bread, yogurt, noodles, chicken"
T0778,03-07-2024,"bread, milk, juice, butter"
T0779,04-07-2024,"cake, bread, milk, rice, butter, soft drink"
T0780,04-07-2024,"tomatoes, bananas"
T0781,04-07-2024,"biscuits, bananas, apples"
T0782,04-07-2024,"coffee, eggs, bread, milk"
T0783,04-07-2024,"chicken, coffee, bananas, rice"
T0784,05-07-2024,"cooking oil, eggs, onions"
T0785,05-07-2024,"bananas, biscuits"
T0786,06-07-2024,"bananas, eggs, milk, cereal, chips, juice, noodles, chocolate"
T0787,06-07-2024,"chips, flour, soft drink, sugar, chicken, chocolate, bananas"
T0788,06-07-2024,"soft drink, milk, tomatoes"
T0789,06-07-2024,"sugar, eggs, bread, milk, flour, butter"
T0790,07-07-2024,"tomatoes, milk, cereal, onions, bananas, rice, chips, chocolate"
T0791,07-07-2024,"pasta sauce, pasta"
T0792,07-07-2024,"soap, shampoo, toothpaste"
T0793,07-07-2024,"sugar, biscuits, bread, milk, juice, tea"
T0794,08-07-2024,"soft drink, noodles, chips"
T0795,08-07-2024,"cooking oil, sugar, biscuits, rice, onions, coffee, tomatoes, tea, milk"
T0796,08-07-2024,"bananas, butter, bread, chips, detergent, cereal, eggs"
T0797,08-07-2024,"cheese, bananas"
T0798,08-07-2024,"detergent, cake, milk"
T0799,09-07-2024,"butter, bread, detergent, tea, milk, toilet paper, sugar"
T0800,09-07-2024,"jam, butter, milk, soap, bread"
T0801,09-07-2024,"onions, cooking oil, tomatoes, salt, biscuits, ketchup, eggs, noodles"
T0802,10-07-2024,"chips, bread, butter, cooking oil, rice, onions, soft drink, eggs, potatoes, milk"
T0803,10-07-2024,"potatoes, butter"
T0804,10-07-2024,"butter, potatoes"
T0805,11-07-2024,"bananas, pasta sauce, pasta, toilet paper, detergent"
T0806,11-07-2024,"bread, chips, butter, cereal, soft drink, milk, eggs, chocolate"
T0807,11-07-2024,"milk, biscuits"
T0808,12-07-2024,"biscuits, rice, chicken, cooking oil, onions, tea, sugar"
T0809,12-07-2024,"yogurt, detergent, apples"
T0810,12-07-2024,"butter, eggs, bread, sugar, rice, jam, juice, chicken"
T0811,12-07-2024,"yogurt, juice, bananas, apples"
T0812,12-07-2024,"soap, milk, soft drink, salt, tomatoes, cooking oil, rice, onions, cereal, shampoo, fish"
T0813,12-07-2024,"bananas, apples"
T0814,13-07-2024,"yogurt, onions"
T0815,13-07-2024,"butter, jam, bread, soft drink"
T0816,13-07-2024,"onions, pasta, bananas, cereal, cheese, milk, pasta sauce"
T0817,14-07-2024,"noodles, eggs, detergent, buns, toilet paper, onions, cheese, soap, chicken, pasta sauce, pasta, cooking oil, tomatoes"
T0818,14-07-2024,"coffee, tomatoes, cake, pasta sauce, pasta"
T0819,14-07-2024,"onions, cooking oil, potatoes, pasta sauce, tomatoes, rice, salt, chocolate, pasta, cheese, bread"
T0820,14-07-2024,"soft drink, tea, chips, biscuits, sugar"
T0821,15-07-2024,"milk, cereal"
T0822,15-07-2024,"cooking oil, yogurt, apples, onions, coffee, rice, bananas, chicken"
T0823,15-07-2024,"shampoo, soap, fish, yogurt, toothpaste, diapers, baby food"
T0824,15-07-2024,"chicken, buns, onions, shampoo, chips, soap, soft drink, butter, potatoes, yogurt, tomatoes, cooking oil, toothpaste, rice"
T0825,15-07-2024,"pasta sauce, rice, tomatoes, salt, tea, onions, pasta, biscuits, potatoes"
T0826,16-07-2024,"onions, milk, potatoes, cereal, tomatoes, chips, cooking oil"
T0827,16-07-2024,"rice, cooking oil, onions, tomatoes, potatoes"
T0828,16-07-2024,"milk, detergent, toilet paper, chips"
T0829,16-07-2024,"bread, cooking oil, milk, butter, rice, onions, chips, tomatoes"
T0830,16-07-2024,"cheese, pasta, pasta sauce"
T0831,17-07-2024,"butter, sugar, onions, milk, tomatoes, potatoes, tea, bread, salt, cooking oil, eggs, rice"
T0832,17-07-2024,"pasta, tomatoes"
T0833,17-07-2024,"soap, shampoo, toothpaste"
T0834,17-07-2024,"milk, bread, jam, eggs"
T0835,17-07-2024,"soft drink, tea, pasta"
T0836,18-07-2024,"rice, tomatoes, onions, potatoes, bread, yogurt, cooking oil, salt, milk"
T0837,18-07-2024,"potatoes, chicken, onions"
T0838,18-07-2024,"rice, coffee, onions, potatoes, salt, tomatoes, cooking oil, sugar, yogurt, milk"
T0839,19-07-2024,"butter, milk, soap, eggs, toothpaste, tomatoes"
T0840,19-07-2024,"bread, eggs, chicken, onions, butter, rice"
T0841,19-07-2024,"onions, tomatoes, bread, rice, potatoes, eggs"
T0842,19-07-2024,"eggs, butter, soft drink, bread, jam, chips"
T0843,19-07-2024,"soap, flour, soft drink, chicken, eggs, onions, cheese, chips, butter, rice, ketchup, buns, chocolate, juice, sugar, tomatoes, mayonnaise"
T0844,19-07-2024,"milk, butter, jam"
T0845,20-07-2024,"soft drink, rice"
T0846,21-07-2024,"onions, rice, tomatoes, cooking oil, cheese, bread"
T0847,21-07-2024,"soft drink, butter, chips, eggs, bread, potatoes"
T0848,21-07-2024,"bread, chips"
T0849,21-07-2024,"coffee, salt, cake, sugar, cooking oil, milk"
T0850,22-07-2024,"shampoo, bread, milk, eggs, toothpaste, rice, soap, soft drink, butter"
T0851,22-07-2024,"bread, onions"
T0852,23-07-2024,"noodles, milk, ketchup, rice, apples, soft drink, yogurt, bananas, eggs, onions, bread, tomatoes, cooking oil, juice, butter"
T0853,23-07-2024,"onions, rice, milk, chicken"
T0854,24-07-2024,"bananas, yogurt, onions, rice, tomatoes, apples, juice, cooking oil, potatoes"
T0855,24-07-2024,"potatoes, fish, tomatoes, salt, cooking oil, onions"
T0856,24-07-2024,"coffee, bread"
T0857,25-07-2024,"butter, flour, bread, sugar, biscuits, milk, eggs, potatoes"
T0858,25-07-2024,"sugar, bread, coffee"
T0859,26-07-2024,"cake, pasta, cheese, pasta sauce, milk"
T0860,26-07-2024,"noodles, milk, chips, eggs, butter, bread, jam"
T0861,27-07-2024,"toothpaste, pasta sauce, pasta"
T0862,28-07-2024,"bread, onions, yogurt"
T0863,28-07-2024,"onions, rice, tomatoes, salt, cooking oil, bananas"
T0864,28-07-2024,"milk, sugar, apples"
T0865,28-07-2024,"bread, toothpaste, soap, butter, jam, eggs, shampoo, milk, cereal"
T0866,28-07-2024,"milk, soap, bread, onions, rice, butter, tomatoes, potatoes, cooking oil, eggs"
T0867,29-07-2024,"cooking oil, yogurt"
T0868,29-07-2024,"soft drink, rice, jam, bread, chips, eggs, chocolate"
T0869,29-07-2024,"toothpaste, milk, shampoo"
T0870,30-07-2024,"milk, chocolate"
T0871,30-07-2024,"chips, apples, noodles, chocolate, ketchup, yogurt, bananas, eggs, juice, soft drink"
T0872,30-07-2024,"biscuits, tea, milk, coffee, soap, onions, shampoo, toothpaste"
T0873,30-07-2024,"bread, pasta sauce, pasta, butter, onions, cheese, bananas, milk, eggs"
T0874,30-07-2024,"chips, bananas, chocolate, noodles, ketchup, eggs, apples, juice"
T0875,30-07-2024,"coffee, biscuits, sugar, milk"
T0876,30-07-2024,"milk, pasta, coffee, cheese, chocolate, pasta sauce"
T0877,30-07-2024,"diapers, bread, milk"
T0878,31-07-2024,"soft drink, milk, bread, chips, diapers, eggs, baby food, noodles"
T0879,31-07-2024,"baby food, salt, milk, rice, tomatoes, eggs, flour, bananas, apples, bread, diapers, sugar, onions"
T0880,31-07-2024,"milk, soap, detergent, toilet paper, chocolate, soft drink, cereal, chips, juice, pasta sauce, cheese, pasta"
T0881,31-07-2024,"butter, flour, eggs"
T0882,31-07-2024,"cheese, potatoes, pasta sauce, bananas, tea, rice, butter, tomatoes, onions, milk, pasta, sugar, biscuits, bread"
T0883,31-07-2024,"tomatoes, cereal, onions, milk, potatoes, salt, rice, cooking oil"
T0884,31-07-2024,"salt, potatoes, onions, shampoo, butter, toothpaste, cooking oil, tomatoes, bread"
T0885,01-08-2024,"bread, sugar, tea, biscuits"
T0886,01-08-2024,"salt, chicken"
T0887,01-08-2024,"rice, milk, eggs, bread, butter"
T0888,01-08-2024,"chips, diapers, milk, cooking oil, juice, onions, chicken, soft drink"
T0889,01-08-2024,"milk, cereal"
T0890,01-08-2024,"tea, tomatoes, diapers, rice, milk, baby food, onions"
T0891,01-08-2024,"biscuits, cereal, milk, tea, sugar"
T0892,02-08-2024,"tomatoes, bananas, soft drink, rice, potatoes, cooking oil, onions, milk"
T0893,02-08-2024,"potatoes, onions, milk, tomatoes"
T0894,02-08-2024,"sugar, biscuits"
T0895,02-08-2024,"apples, bananas, yogurt"
T0896,02-08-2024,"pasta sauce, cheese, pasta, butter, bread, milk"
T0897,03-08-2024,"cereal, milk"
T0898,03-08-2024,"chicken, onions, eggs"
T0899,03-08-2024,"tea, sugar"
T0900,03-08-2024,"butter, fish"
T0901,03-08-2024,"tea, chips, biscuits, sugar"
T0902,04-08-2024,"milk, bread, bananas, butter, sugar"
T0903,04-08-2024,"coffee, pasta, cheese, chocolate, milk, pasta sauce, chips, cooking oil, sugar, tomatoes, onions, salt, biscuits"
T0904,04-08-2024,"eggs, potatoes, baby food, milk, butter, chips, bread, diapers, soft drink"
T0905,04-08-2024,"onions, cheese, rice, chicken, cooking oil"
T0906,04-08-2024,"salt, chips"
T0907,05-08-2024,"milk, bread, eggs, butter, cooking oil, jam, cheese, fish, tomatoes, ketchup, buns, onions, rice"
T0908,05-08-2024,"potatoes, tomatoes, shampoo, milk, salt, soap, rice, onions"
T0909,05-08-2024,"pasta sauce, bananas, milk, yogurt, ketchup, buns, cheese, salt, pasta, mayonnaise, chicken, cereal"
T0910,06-08-2024,"diapers, baby food, bread"
T0911,06-08-2024,"milk, sugar, bananas, cereal, tea, chips"
T0912,06-08-2024,"biscuits, milk, sugar, soap, yogurt, tea"
T0913,06-08-2024,"milk, yogurt, bread, apples"
T0914,06-08-2024,"diapers, shampoo, milk, baby food, soap, yogurt"
T0915,06-08-2024,"sugar, chicken, soft drink, milk, onions, coffee, pasta sauce"
T0916,06-08-2024,"buns, eggs, milk, cheese, cereal, bread, butter, bananas, jam, chicken"
T0917,06-08-2024,"potatoes, noodles, bread, ketchup, chips, cooking oil, tomatoes, soft drink, onions"
T0918,06-08-2024,"milk, yogurt"
T0919,07-08-2024,"pasta sauce, potatoes, pasta, bread, cooking oil, chicken"
T0920,07-08-2024,"sugar, coffee, soap, bread, tea, biscuits"
T0921,08-08-2024,"pasta, chocolate, cereal, milk"
T0922,08-08-2024,"sugar, milk, flour, tomatoes, pasta, potatoes, rice, cooking oil, onions, eggs, pasta sauce"
T0923,09-08-2024,"yogurt, bananas"
T0924,09-08-2024,"eggs, sugar, flour, bananas, bread, juice, apples"
T0925,09-08-2024,"shampoo, toothpaste, bananas"
T0926,09-08-2024,"soft drink, detergent, chips, toilet paper"
T0927,09-08-2024,"rice, jam, salt, toilet paper, noodles, cooking oil, milk, detergent, butter, bread, eggs, potatoes, onions, tomatoes, cereal"
T0928,10-08-2024,"coffee, soap, detergent, biscuits, milk, soft drink"
T0929,10-08-2024,"cereal, milk, biscuits, butter, eggs"
T0930,10-08-2024,"chicken, apples, coffee, tea, butter, baby food, biscuits, bananas, cheese, ketchup, milk, buns"
T0931,10-08-2024,"sugar, toothpaste, shampoo, biscuits, tea"
T0932,10-08-2024,"yogurt, juice"
T0933,10-08-2024,"onions, cooking oil, tomatoes, rice, juice, cheese, bread, buns, ketchup, milk, potatoes, cereal"
T0934,10-08-2024,"eggs, soap"
T0935,11-08-2024,"chips, soap, toilet paper, detergent, soft drink"
T0936,11-08-2024,"toothpaste, cake, onions, jam, milk"
T0937,11-08-2024,"chips, diapers, baby food, eggs, milk, bread, butter, cereal"
T0938,11-08-2024,"apples, yogurt, bananas, bread, butter"
T0939,12-08-2024,"butter, eggs, jam, bread"
T0940,12-08-2024,"baby food, rice, tomatoes, diapers, onions"
T0941,12-08-2024,"eggs, bread, milk, butter, tomatoes"
T0942,12-08-2024,"soft drink, potatoes, biscuits, chips"
T0943,13-08-2024,"soft drink, tomatoes, rice, onions, cooking oil, sugar, chocolate"
T0944,13-08-2024,"mayonnaise, buns, cheese, baby food, chicken, diapers, soft drink, milk"
T0945,13-08-2024,"fish, rice, eggs"
T0946,14-08-2024,"toothpaste, soap, bread, soft drink, chocolate"
T0947,14-08-2024,"toilet paper, butter, soap, bread"
T0948,15-08-2024,"cereal, bananas, eggs, milk"
T0949,15-08-2024,"onions, tomatoes"
T0950,15-08-2024,"chocolate, bread"
T0951,15-08-2024,"milk, soft drink, cereal, onions, pasta sauce, detergent, pasta, jam, butter, cheese, toilet paper, eggs, bread"
T0952,16-08-2024,"soft drink, biscuits, milk, sugar, cereal, tea"
T0953,16-08-2024,"rice, juice, chicken"
T0954,17-08-2024,"chicken, milk, butter, onions, cooking oil, jam, eggs, tomatoes, rice"
T0955,17-08-2024,"bread, cooking oil, rice, pasta, cheese, pasta sauce, tomatoes, butter, milk, juice, tea, biscuits"
T0956,18-08-2024,"milk, cereal, tea, sugar, biscuits"
T0957,18-08-2024,"chocolate, potatoes, tea"
T0958,18-08-2024,"buns, toilet paper, chicken, soap, detergent, ketchup"
T0959,18-08-2024,"toothpaste, eggs, soap, salt, tomatoes, coffee, bananas, bread, cooking oil, rice, butter"
T0960,18-08-2024,"chips, soft drink, butter"
T0961,19-08-2024,"soft drink, chips"
T0962,19-08-2024,"bananas, onions, pasta, apples, tomatoes, cheese, pasta sauce, juice"
T0963,19-08-2024,"toothpaste, butter, cereal, soft drink, eggs, chips, milk, bread"
T0964,20-08-2024,"chips, bread, soft drink"
T0965,20-08-2024,"pasta, yogurt, onions, butter, milk, cheese, pasta sauce"
T0966,20-08-2024,"potatoes, tomatoes, rice, onions, salt, coffee, detergent, cooking oil, toilet paper"
T0967,20-08-2024,"eggs, onions, rice, coffee, tomatoes, sugar, potatoes, toilet paper, soap, detergent, salt"
T0968,21-08-2024,"rice, yogurt, onions, chips, bananas, potatoes, tomatoes, chocolate, cooking oil"
T0969,21-08-2024,"eggs, cheese, pasta sauce, apples, pasta, bananas"
T0970,22-08-2024,"bread, rice, cooking oil, butter, sugar, salt, eggs, flour, tomatoes, onions"
T0971,22-08-2024,"cereal, milk"
T0972,22-08-2024,"bread, tomatoes, cooking oil, rice, onions"
T0973,22-08-2024,"onions, rice, toilet paper, detergent, tomatoes, milk, cooking oil, potatoes, salt"
T0974,23-08-2024,"cheese, apples, bananas, chips"
T0975,23-08-2024,"bread, toothpaste, shampoo"
T0976,23-08-2024,"chocolate, bread"
T0977,23-08-2024,"milk, tomatoes, bananas, cereal"
T0978,23-08-2024,"sugar, coffee, diapers, milk, baby food, biscuits"
T0979,24-08-2024,"detergent, bread, toilet paper, cooking oil"
T0980,24-08-2024,"milk, bread"
T0981,24-08-2024,"mayonnaise, chicken, ketchup, buns"
T0982,24-08-2024,"chips, soap, milk, chocolate, bread, butter, eggs"
T0983,25-08-2024,"yogurt, potatoes"
T0984,25-08-2024,"butter, bananas, pasta, pasta sauce, eggs, cheese, apples"
T0985,25-08-2024,"sugar, coffee, milk"
T0986,25-08-2024,"diapers, milk, biscuits, pasta sauce, cheese, pasta, chips, bread, onions, butter"
T0987,25-08-2024,"biscuits, tea, milk, butter, potatoes, chicken, cereal, onions, bananas, cooking oil, bread, rice"
T0988,25-08-2024,"shampoo, soap, toothpaste"
T0989,25-08-2024,"soap, flour, tomatoes, sugar, eggs, milk, tea, bananas"
T0990,25-08-2024,"rice, chicken, eggs, butter, chips, bread, cooking oil, cake"
T0991,25-08-2024,"bread, eggs, milk, butter, noodles, jam"
T0992,25-08-2024,"onions, juice, biscuits"
T0993,26-08-2024,"bananas, apples, yogurt"
T0994,26-08-2024,"milk, bread, eggs, jam, fish"
T0995,26-08-2024,"cooking oil, chicken, tomatoes"
T0996,26-08-2024,"toothpaste, biscuits, cooking oil, soap"
T0997,26-08-2024,"eggs, yogurt, noodles, rice"
T0998,27-08-2024,"chicken, onions, milk, cooking oil, tea, sugar, bananas, biscuits, cereal"
T0999,27-08-2024,"bread, onions"
T1000,27-08-2024,"tomatoes, onions, milk, butter, potatoes, bread, eggs"
T1001,28-08-2024,"chicken, chips, bread, soft drink, chocolate"
T1002,28-08-2024,"salt, milk, butter, fish, jam, bread, eggs"
T1003,28-08-2024,"sugar, tea, biscuits"
T1004,28-08-2024,"cheese, fish, onions, cereal, bananas, milk, pasta, pasta sauce"
T1005,28-08-2024,"bread, butter, milk, eggs"
T1006,28-08-2024,"cheese, tomatoes, rice, onions, buns, milk, yogurt, mayonnaise, bread, chicken, butter"
T1007,29-08-2024,"tea, milk, rice, eggs, butter, bread"
T1008,30-08-2024,"toothpaste, cereal, shampoo, bread, milk, butter"
T1009,30-08-2024,"yogurt, shampoo, soft drink, chips, tomatoes, bananas, toothpaste, apples"
T1010,30-08-2024,"eggs, tomatoes, bananas, rice, bread, potatoes, salt, butter, milk, apples"
T1011,30-08-2024,"soft drink, bananas, tea, sugar, biscuits"
T1012,30-08-2024,"diapers, milk, cake"
T1013,31-08-2024,"chips, cereal, cooking oil, potatoes, milk, onions, salt, rice"
T1014,31-08-2024,"chips, bananas"
T1015,31-08-2024,"milk, rice, biscuits, tea"
T1016,31-08-2024,"chocolate, chips, juice, soft drink"
T1017,01-09-2024,"apples, bread, potatoes, tomatoes, cooking oil, eggs, rice, chicken, butter, yogurt"
T1018,02-09-2024,"shampoo, bread, soap, milk, biscuits, toothpaste, eggs, noodles, chips, soft drink, butter, ketchup, coffee"
T1019,02-09-2024,"diapers, milk"
T1020,02-09-2024,"toothpaste, rice, tomatoes, onions, sugar, potatoes, shampoo, soap, milk, biscuits, tea"
T1021,02-09-2024,"cheese, shampoo, toothpaste"
T1022,02-09-2024,"juice, sugar"
T1023,02-09-2024,"biscuits, eggs, noodles, bread, jam, butter"
T1024,03-09-2024,"bananas, diapers, milk, eggs"
T1025,03-09-2024,"chicken, diapers, milk"
T1026,03-09-2024,"apples, biscuits, bananas, chips, tea, cereal, sugar, chocolate, milk, soft drink, tomatoes"
T1027,03-09-2024,"shampoo, toothpaste, cereal, milk, chips, biscuits, cooking oil, soft drink"
T1028,04-09-2024,"milk, eggs, butter"
T1029,04-09-2024,"milk, pasta sauce, shampoo, soap, eggs, bananas, toothpaste"
T1030,04-09-2024,"milk, rice, cooking oil, biscuits, tea, baby food, potatoes, diapers, onions, tomatoes"
T1031,04-09-2024,"buns, tomatoes, potatoes, cooking oil, rice, cheese, salt, chicken, onions"
T1032,04-09-2024,"cake, rice"
T1033,04-09-2024,"cereal, bananas, milk"
T1034,05-09-2024,"tomatoes, cooking oil, rice, onions, milk, cereal"
T1035,05-09-2024,"potatoes, cereal, bananas"
T1036,05-09-2024,"biscuits, sugar"
T1037,06-09-2024,"milk, bread, cereal, jam, soft drink, chips"
T1038,06-09-2024,"biscuits, butter, milk, noodles, onions, sugar, eggs, ketchup, bread, tea"
T1039,06-09-2024,"soft drink, chips"
T1040,07-09-2024,"tomatoes, rice, onions"
T1041,07-09-2024,"rice, biscuits, tea, chicken, onions"
T1042,07-09-2024,"salt, cake, rice, yogurt, onions, potatoes, tomatoes, bananas"
T1043,07-09-2024,"diapers, milk, cheese, pasta, baby food, pasta sauce"
T1044,08-09-2024,"soft drink, apples, chips"
T1045,08-09-2024,"bread, diapers, milk"
T1046,08-09-2024,"bread, juice, yogurt, milk, apples, butter, bananas"
T1047,09-09-2024,"biscuits, tea, soft drink, chips, sugar, bread, milk"
T1048,09-09-2024,"milk, bananas, yogurt, bread, butter, apples, jam"
T1049,09-09-2024,"chips, bananas, rice, apples, toilet paper, potatoes, eggs, detergent, onions, cooking oil, milk, tomatoes, bread, cereal, soft drink"
T1050,09-09-2024,"sugar, bananas, eggs, cereal, tea"
T1051,09-09-2024,"rice, onions, tomatoes, salt"
T1052,10-09-2024,"rice, potatoes, onions, tomatoes"
T1053,10-09-2024,"chips, bananas, bread, soap, juice, apples, yogurt, soft drink"
T1054,10-09-2024,"bananas, bread, milk, tomatoes, onions, eggs, butter"
T1055,10-09-2024,"sugar, bread, eggs, coffee, biscuits, jam, milk"
T1056,10-09-2024,"eggs, chicken, bread, butter, bananas, milk"
T1057,11-09-2024,"butter, chicken, cereal, milk, bananas, eggs, mayonnaise, bread, buns"
T1058,11-09-2024,"coffee, apples, milk, bananas, yogurt"
T1059,11-09-2024,"soft drink, tomatoes, chips, chocolate"
T1060,11-09-2024,"onions, pasta, cheese, tomatoes, milk, potatoes, tea"
T1061,12-09-2024,"baby food, cereal, diapers, bananas, buns, milk, mayonnaise"
T1062,12-09-2024,"shampoo, rice, onions, eggs, pasta sauce, jam, cooking oil, butter, tomatoes, soap, toothpaste, pasta"
T1063,13-09-2024,"milk, soap, cereal"
T1064,13-09-2024,"rice, tomatoes, chicken, cooking oil, onions"
T1065,14-09-2024,"pasta, cheese, chips, potatoes, biscuits"
T1066,14-09-2024,"tea, rice"
T1067,14-09-2024,"eggs, milk, butter, bread, coffee"
T1068,14-09-2024,"milk, baby food, diapers, apples, soft drink, chocolate, bananas"
T1069,14-09-2024,"soft drink, apples, yogurt, chips, bananas"
T1070,14-09-2024,"tea, biscuits, milk, toilet paper, pasta, soap, pasta sauce"
T1071,14-09-2024,"baby food, milk, onions, diapers, rice, cooking oil, chicken"
T1072,14-09-2024,"cheese, buns"
T1073,14-09-2024,"soft drink, pasta sauce, chips, milk, rice, butter, buns, cheese, pasta, chicken, onions"
T1074,14-09-2024,"tomatoes, tea, sugar"
T1075,14-09-2024,"soft drink, chips"
T1076,15-09-2024,"chocolate, milk, fish, cereal"
T1077,15-09-2024,"soft drink, bananas, chips, rice, milk, bread, cooking oil, detergent, soap, tomatoes, onions, butter, cereal"
T1078,15-09-2024,"apples, onions, rice, yogurt, bananas, salt, soft drink, cooking oil"
T1079,15-09-2024,"yogurt, toilet paper, sugar, pasta, pasta sauce, detergent"
T1080,16-09-2024,"onions, potatoes, rice, tomatoes, milk, cooking oil"
T1081,16-09-2024,"cooking oil, toothpaste, salt, tomatoes, rice"
T1082,17-09-2024,"milk, coffee, sugar, biscuits, tomatoes"
T1083,17-09-2024,"bread, apples, sugar, tea, biscuits, potatoes"
T1084,17-09-2024,"detergent, toilet paper, chicken, baby food, rice, cooking oil, onions, diapers"
T1085,17-09-2024,"chips, soap, yogurt, toothpaste, soft drink"
T1086,17-09-2024,"cooking oil, potatoes, butter, onions, salt, rice, chips, tomatoes, soft drink"
T1087,17-09-2024,"soap, ketchup, milk, noodles"
T1088,17-09-2024,"toilet paper, onions, bread, detergent, eggs"
T1089,18-09-2024,"potatoes, rice, onions, cooking oil, butter, bread"
T1090,18-09-2024,"onions, cooking oil, rice, eggs, tomatoes"
T1091,18-09-2024,"butter, milk, eggs, bananas, cereal, flour, bread"
T1092,18-09-2024,"coffee, tomatoes, bananas, chips, cooking oil, onions, soft drink, rice, potatoes"
T1093,19-09-2024,"buns, mayonnaise, biscuits, tea, ketchup, noodles, eggs, milk, chicken"
T1094,19-09-2024,"juice, butter, bread, milk, apples, jam, biscuits, eggs, cooking oil"
T1095,19-09-2024,"sugar, salt, rice, cheese, buns, potatoes, mayonnaise, ketchup, cake, coffee"
T1096,20-09-2024,"butter, bread, milk, eggs, biscuits, onions"
T1097,20-09-2024,"biscuits, eggs, flour, salt"
T1098,21-09-2024,"fish, eggs, sugar, flour"
T1099,21-09-2024,"bananas, yogurt, flour, onions, sugar, eggs"
T1100,21-09-2024,"potatoes, biscuits, tea, milk, bananas, jam, butter, tomatoes, cooking oil, soap, rice, eggs, bread, shampoo, onions, chicken"
T1101,22-09-2024,"tomatoes, cheese, pasta, pasta sauce, chips"
T1102,23-09-2024,"milk, eggs, pasta, rice, bread, sugar, coffee, onions, pasta sauce, jam, butter"
T1103,23-09-2024,"juice, chocolate, chips"
T1104,23-09-2024,"rice, onions, cooking oil, coffee, pasta, pasta sauce, tomatoes, milk, potatoes, biscuits"
T1105,23-09-2024,"rice, soap, tomatoes, cereal, juice, milk, toothpaste, shampoo"
T1106,24-09-2024,"tea, onions, cheese, pasta sauce, toilet paper, sugar, pasta, detergent"
T1107,24-09-2024,"cooking oil, tomatoes, onions, rice, bread, chicken, potatoes"
T1108,24-09-2024,"biscuits, yogurt, bananas"
T1109,24-09-2024,"onions, yogurt, chicken"
T1110,24-09-2024,"fish, yogurt"
T1111,24-09-2024,"flour, cheese, sugar, juice, eggs"
T1112,24-09-2024,"soap, detergent, toilet paper"
T1113,24-09-2024,"milk, bread"
T1114,24-09-2024,"sugar, pasta sauce, milk, bananas, eggs, butter, bread, pasta"
T1115,24-09-2024,"cheese, onions, tomatoes, rice, potatoes, juice"
T1116,24-09-2024,"apples, rice, onions, yogurt, bananas, butter, milk, bread, tomatoes, salt"
T1117,24-09-2024,"rice, bread, tomatoes, potatoes, onions, cooking oil"
T1118,25-09-2024,"eggs, butter, milk, bread"
T1119,25-09-2024,"cheese, chicken, chips, buns, ketchup, chocolate"
T1120,25-09-2024,"eggs, sugar, flour"
T1121,26-09-2024,"rice, tomatoes, salt, fish, shampoo, butter, bread, toothpaste, eggs, potatoes, onions"
T1122,26-09-2024,"tomatoes, cooking oil, coffee, sugar, rice, milk, salt, biscuits, potatoes"
T1123,27-09-2024,"sugar, coffee"
T1124,27-09-2024,"onions, coffee, rice, tomatoes"
T1125,27-09-2024,"eggs, bread, butter, sugar, tea, milk"
T1126,27-09-2024,"cooking oil, eggs, detergent, soap, pasta, onions, toilet paper, toothpaste, potatoes, pasta sauce"
T1127,27-09-2024,"milk, bananas, coffee"
T1128,27-09-2024,"biscuits, cheese, potatoes, onions, salt, eggs, milk, tomatoes, sugar, rice, bread"
T1129,27-09-2024,"biscuits, soft drink, milk, chips"
T1130,27-09-2024,"butter, bread, soft drink, biscuits, milk, tea, sugar"
T1131,27-09-2024,"cooking oil, tomatoes, onions, milk, rice, butter"
T1132,28-09-2024,"salt, cooking oil, onions, potatoes"
T1133,28-09-2024,"bread, butter, juice, bananas, apples, milk"
T1134,28-09-2024,"tea, onions, sugar, potatoes, milk, rice, cooking oil, tomatoes, coffee"
T1135,28-09-2024,"cooking oil, flour, salt, bread, onions, jam, rice, tomatoes, butter"
T1136,29-09-2024,"rice, toothpaste, onions, cooking oil, tomatoes, salt"
T1137,29-09-2024,"salt, bread, jam, eggs, chicken, milk"
T1138,30-09-2024,"apples, tomatoes, rice, pasta, cheese, onions, cake, pasta sauce, cooking oil"
T1139,30-09-2024,"jam, toilet paper, chocolate, bread, detergent, eggs"
T1140,01-10-2024,"tomatoes, milk, bread, eggs"
T1141,01-10-2024,"tea, onions, rice, yogurt, biscuits, bananas, sugar, potatoes"
T1142,01-10-2024,"toothpaste, shampoo, milk, soap, eggs, butter"
T1143,02-10-2024,"ketchup, chicken, cheese, buns"
T1144,02-10-2024,"bread, chips, juice, soft drink, yogurt"
T1145,03-10-2024,"chips, soft drink"
T1146,03-10-2024,"rice, chicken, cooking oil"
T1147,03-10-2024,"flour, eggs, toothpaste, shampoo, milk, butter, soap, bread"
T1148,04-10-2024,"buns, cheese, biscuits, apples, ketchup, sugar, mayonnaise, yogurt, tea"
T1149,04-10-2024,"eggs, onions, bread, jam, rice, butter, milk, chocolate, tomatoes"
T1150,05-10-2024,"bananas, chocolate, chips, soft drink"
T1151,05-10-2024,"toothpaste, soap, shampoo"
T1152,05-10-2024,"bread, milk, biscuits, eggs, butter, salt, chips, soft drink"
T1153,05-10-2024,"milk, chicken, butter, soft drink, sugar, eggs, chips, bread, coffee"
T1154,05-10-2024,"biscuits, yogurt, milk, coffee, apples, sugar"
T1155,06-10-2024,"noodles, bread, eggs, sugar, fish, potatoes, biscuits, tea, ketchup"
T1156,06-10-2024,"sugar, milk, butter, tea, soft drink, potatoes, eggs, bread"
T1157,06-10-2024,"tomatoes, onions, salt, cooking oil, rice, potatoes"
T1158,07-10-2024,"buns, chips, mayonnaise, chocolate, cheese, diapers, ketchup, baby food"
T1159,07-10-2024,"milk, juice, onions"
T1160,07-10-2024,"detergent, chicken, bread, butter, milk, chips, onions, soap, eggs"
T1161,08-10-2024,"bread, eggs, soft drink, milk, butter"
T1162,08-10-2024,"bread, onions, rice, cooking oil"
T1163,08-10-2024,"coffee, soft drink, milk, sugar, eggs"
T1164,09-10-2024,"tomatoes, apples, coffee"
T1165,09-10-2024,"pasta, bananas, onions, cheese, tea, tomatoes, juice, milk, biscuits, apples"
T1166,10-10-2024,"milk, cheese, chicken, buns, biscuits"
T1167,10-10-2024,"potatoes, tomatoes, cooking oil, onions"
T1168,10-10-2024,"salt, chips"
T1169,10-10-2024,"cereal, bananas, milk, detergent, toilet paper"
T1170,10-10-2024,"milk, chocolate, cereal"
T1171,10-10-2024,"sugar, tea, flour, eggs"
T1172,10-10-2024,"sugar, milk, baby food, chips, soft drink, tea, diapers, tomatoes"
T1173,11-10-2024,"cooking oil, rice, potatoes, detergent, onions, soap, juice, tomatoes, toilet paper, salt, eggs"
T1174,11-10-2024,"butter, cheese"
T1175,11-10-2024,"soft drink, chips"
T1176,12-10-2024,"biscuits, cake"
T1177,12-10-2024,"milk, rice, bread, cooking oil, chicken, tomatoes, tea, salt, onions, biscuits, sugar, bananas"
T1178,12-10-2024,"bread, potatoes, bananas, milk, eggs"
T1179,12-10-2024,"chocolate, onions, rice, salt, tomatoes"
T1180,13-10-2024,"butter, bread, bananas, milk"
T1181,13-10-2024,"pasta sauce, milk, pasta, bread, eggs, onions, cheese"
T1182,13-10-2024,"tomatoes, cooking oil, rice, onions, milk"
T1183,13-10-2024,"chicken, detergent, cooking oil, potatoes, ketchup, milk, rice, toilet paper, cheese, tomatoes, buns"
T1184,14-10-2024,"sugar, coffee, onions, milk"
T1185,14-10-2024,"tomatoes, bread, sugar, milk, tea, butter"
T1186,14-10-2024,"chips, chocolate, soft drink, butter, onions"
T1187,14-10-2024,"bread, milk, biscuits, chocolate, cereal, chips, soft drink"
T1188,14-10-2024,"onions, potatoes, yogurt, tomatoes, rice"
T1189,14-10-2024,"buns, onions, apples, potatoes, mayonnaise, soft drink, chips, chicken"
T1190,14-10-2024,"sugar, coffee, milk, potatoes, onions, bananas, cooking oil, rice"
T1191,15-10-2024,"cheese, butter, bread"
T1192,15-10-2024,"eggs, bananas, jam, apples, butter, yogurt, bread"
T1193,15-10-2024,"milk, soft drink, biscuits, chips, tea"
T1194,15-10-2024,"potatoes, soft drink"
T1195,15-10-2024,"butter, milk, cheese, chicken, bread, jam, buns, ketchup"
T1196,15-10-2024,"milk, bananas, onions, soap"
T1197,16-10-2024,"apples, juice, fish, yogurt, sugar, biscuits"
T1198,16-10-2024,"cheese, ketchup, buns, chicken"
T1199,17-10-2024,"tomatoes, soap, rice, salt, onions"
T1200,17-10-2024,"milk, diapers, sugar, eggs, flour, butter"
T1201,18-10-2024,"bananas, chips, detergent, toilet paper, apples, soft drink, yogurt, soap"
T1202,18-10-2024,"cooking oil, potatoes, rice, onions, tomatoes, coffee, salt, eggs, milk, butter"
T1203,18-10-2024,"milk, sugar, biscuits, tea, butter, cereal, bread"
T1204,18-10-2024,"shampoo, cereal, toothpaste, cheese, milk"
T1205,19-10-2024,"rice, tomatoes"
T1206,19-10-2024,"chicken, butter, eggs, rice, jam, bread, onions"
T1207,19-10-2024,"soft drink, chips, bananas, coffee"
T1208,19-10-2024,"salt, rice, eggs, tomatoes, onions"
T1209,19-10-2024,"butter, milk, toothpaste, soap, bread"
T1210,20-10-2024,"bread, apples, buns, bananas, soft drink, chicken, cheese, pasta"
T1211,20-10-2024,"soft drink, tomatoes, milk, rice, potatoes, salt, chicken, cooking oil, onions"
T1212,20-10-2024,"onions, apples, yogurt, bread"
T1213,20-10-2024,"soft drink, chips"
T1214,20-10-2024,"jam, chips, tomatoes, eggs, bread, milk, soft drink, potatoes, salt, butter, onions, flour, sugar"
T1215,21-10-2024,"bread, yogurt, butter, chips, milk"
T1216,21-10-2024,"pasta sauce, pasta, yogurt"
T1217,21-10-2024,"bread, eggs, soft drink, chips, milk, noodles, cooking oil"
T1218,21-10-2024,"biscuits, tea, flour, onions, rice, sugar, bread, eggs, milk"
T1219,21-10-2024,"milk, rice, onions, cooking oil"
T1220,22-10-2024,"rice, chicken, onions, potatoes, sugar"
T1221,22-10-2024,"soft drink, chips, bread, eggs, biscuits, milk, butter, cheese, tea"
T1222,22-10-2024,"coffee, sugar"
T1223,22-10-2024,"milk, pasta sauce, chips, bread, cheese, onions, pasta, eggs"
T1224,23-10-2024,"soft drink, chocolate, chips"
T1225,23-10-2024,"biscuits, milk, tea, butter"
T1226,23-10-2024,"onions, salt, potatoes, jam, eggs, milk, cooking oil, rice, bread, butter"
T1227,23-10-2024,"soap, toothpaste, cake, onions"
T1228,23-10-2024,"cooking oil, potatoes"
T1229,24-10-2024,"butter, jam, milk, bread"
T1230,24-10-2024,"butter, bread, milk, eggs, cereal, jam"
T1231,24-10-2024,"milk, bread, butter, biscuits, sugar, jam"
T1232,24-10-2024,"cheese, potatoes, detergent, soap, chips, chocolate, pasta, tea, milk, toilet paper, soft drink"
T1233,25-10-2024,"chicken, onions, cooking oil, bananas"
T1234,25-10-2024,"onions, bread, butter, salt, eggs, tomatoes, rice"
T1235,25-10-2024,"bread, chips, soft drink, cake"
T1236,25-10-2024,"bananas, sugar, apples, milk, tea, chicken, biscuits, tomatoes"
T1237,25-10-2024,"tomatoes, milk"
T1238,26-10-2024,"eggs, bread, rice, baby food, chicken, diapers, milk"
T1239,26-10-2024,"yogurt, apples"
T1240,26-10-2024,"toothpaste, soap, milk, detergent, shampoo, potatoes"
T1241,26-10-2024,"coffee, bread, butter, milk"
T1242,26-10-2024,"milk, soft drink, tea, onions, chips, biscuits"
T1243,27-10-2024,"bread, mayonnaise, ketchup, chicken, cheese, buns, milk, onions"
T1244,27-10-2024,"eggs, flour, sugar, butter, apples, salt"
T1245,27-10-2024,"shampoo, milk, onions, biscuits, rice, tomatoes, salt, chips, soft drink, potatoes, cooking oil"
T1246,27-10-2024,"toothpaste, soap, shampoo, tea, sugar"
T1247,28-10-2024,"tea, sugar, bread, milk, butter, jam"
T1248,28-10-2024,"biscuits, soft drink, milk, cereal, tea, sugar, potatoes"
T1249,29-10-2024,"toothpaste, shampoo"
T1250,29-10-2024,"milk, cereal"
T1251,29-10-2024,"juice, onions, tomatoes, milk, rice, potatoes"
T1252,30-10-2024,"jam, eggs, bread, butter, milk"
T1253,30-10-2024,"chocolate, chicken, soft drink, onions, rice, chips, butter"
T1254,31-10-2024,"soft drink, tomatoes, juice, potatoes, onions, chips, shampoo, toothpaste, rice, soap"
T1255,31-10-2024,"diapers, onions, butter, milk, chicken"
T1256,31-10-2024,"tea, milk, sugar, cereal, butter"
T1257,31-10-2024,"soft drink, toothpaste, shampoo, chips, soap"
T1258,31-10-2024,"pasta, juice, bananas, bread, pasta sauce, chips"
T1259,01-11-2024,"cheese, milk, onions, mayonnaise, ketchup, flour, bread, tomatoes, eggs, sugar, buns, rice, salt, chicken"
T1260,02-11-2024,"bread, bananas, fish, onions, chicken, milk, cereal, rice"
T1261,02-11-2024,"cake, milk, onions"
T1262,02-11-2024,"tea, milk, sugar"
T1263,02-11-2024,"milk, bread, soft drink, juice, chips, jam, butter"
T1264,02-11-2024,"cereal, milk"
T1265,03-11-2024,"tomatoes, sugar, rice, flour, onions, eggs, chips, coffee, butter"
T1266,03-11-2024,"bananas, cereal, milk, cake, bread"
T1267,04-11-2024,"chips, milk, bread"
T1268,04-11-2024,"potatoes, tea, sugar, cooking oil, rice, chicken, tomatoes, onions, biscuits"
T1269,04-11-2024,"toilet paper, eggs, bread, detergent, soft drink, chocolate, cooking oil, chips"
T1270,05-11-2024,"soft drink, tea, coffee, chocolate, chips, milk"
T1271,05-11-2024,"coffee, milk, sugar"
T1272,06-11-2024,"onions, flour, bread, rice, eggs, tomatoes, potatoes, butter, soft drink, milk"
T1273,08-11-2024,"cooking oil, cake, rice, tomatoes, pasta, pasta sauce, onions"
T1274,08-11-2024,"shampoo, cooking oil, toothpaste, rice, soap, tomatoes, onions"
T1275,08-11-2024,"tomatoes, butter, eggs, milk, bananas"
T1276,08-11-2024,"bread, soft drink"
T1277,09-11-2024,"bananas, fish, apples, milk, juice"
T1278,09-11-2024,"biscuits, milk, tea, sugar"
T1279,09-11-2024,"chips, soft drink, apples, bananas"
T1280,10-11-2024,"milk, onions, pasta sauce, yogurt, toothpaste, soap, chicken, shampoo, cereal, rice, pasta, tomatoes, cheese, bananas"
T1281,10-11-2024,"bread, milk"
T1282,10-11-2024,"tea, cereal, toothpaste, chips, milk, bread"
T1283,10-11-2024,"chocolate, bread, soft drink, juice, chips"
T1284,11-11-2024,"potatoes, tomatoes"
T1285,11-11-2024,"coffee, onions, milk"
T1286,11-11-2024,"eggs, noodles, milk"
T1287,11-11-2024,"chocolate, pasta sauce, pasta, soft drink, chips, juice, apples, yogurt"
T1288,11-11-2024,"biscuits, bread, butter, salt, onions, tomatoes, jam, eggs, rice"
T1289,11-11-2024,"chicken, buns, soap, shampoo, biscuits, cheese, mayonnaise, ketchup"
T1290,13-11-2024,"ketchup, tea, fish, buns, biscuits, sugar, bread"
T1291,13-11-2024,"yogurt, chocolate, coffee, juice, bread, butter, sugar"
T1292,13-11-2024,"cheese, tomatoes, rice, onions, cooking oil, pasta sauce, chicken, pasta"
T1293,13-11-2024,"chips, toothpaste, fish"
T1294,13-11-2024,"milk, diapers, soft drink, sugar, cereal, tea"
T1295,13-11-2024,"sugar, milk, coffee, soft drink, chips"
T1296,14-11-2024,"soft drink, potatoes, soap, cooking oil, juice, salt, onions, toothpaste, rice, tomatoes, shampoo, chips, bread, chocolate"
T1297,14-11-2024,"soft drink, chocolate, chips"
T1298,15-11-2024,"potatoes, onions, salt, tomatoes, tea, biscuits, sugar, rice, apples"
T1299,15-11-2024,"pasta sauce, cheese, pasta, butter, bananas, eggs, bread"
T1300,15-11-2024,"chicken, sugar, tomatoes, tea"
T1301,16-11-2024,"chips, soft drink, toothpaste, soap, bananas, shampoo, ketchup, noodles"
T1302,16-11-2024,"onions, pasta sauce, yogurt, potatoes, chicken, rice, pasta, apples"
T1303,16-11-2024,"chocolate, bread"
T1304,17-11-2024,"tea, biscuits, sugar"
T1305,17-11-2024,"bread, coffee, milk, biscuits"
T1306,17-11-2024,"butter, biscuits"
T1307,17-11-2024,"milk, biscuits"
T1308,18-11-2024,"bananas, butter, jam, bread, apples"
T1309,18-11-2024,"jam, bread, ketchup, bananas, butter, buns, cheese"
T1310,19-11-2024,"bananas, soap, detergent, milk, cereal, eggs"
T1311,19-11-2024,"cooking oil, bread, pasta, onions, rice, pasta sauce, chicken"
T1312,19-11-2024,"cereal, sugar, butter, milk, biscuits"
T1313,19-11-2024,"onions, cooking oil, chicken"
T1314,20-11-2024,"tomatoes, butter, chips, milk, sugar, soft drink, coffee"
T1315,20-11-2024,"coffee, bananas, tomatoes, cooking oil, rice, cereal, potatoes, milk"
T1316,20-11-2024,"soap, diapers, onions, rice, cooking oil, milk, fish, chicken, detergent"
T1317,20-11-2024,"buns, bread"
T1318,20-11-2024,"yogurt, bananas, sugar, tea, apples, eggs"
T1319,20-11-2024,"chips, juice, soft drink, chocolate, milk, bread, butter"
T1320,21-11-2024,"chips, soft drink, bread, bananas, milk, jam, yogurt"
T1321,21-11-2024,"milk, cooking oil, tomatoes, bread, ketchup, noodles, salt, eggs, soft drink"
T1322,21-11-2024,"eggs, bread, shampoo, soap"
T1323,21-11-2024,"potatoes, onions, eggs"
T1324,22-11-2024,"eggs, jam, noodles, butter"
T1325,22-11-2024,"sugar, milk, tea, butter"
T1326,22-11-2024,"biscuits, tea"
T1327,22-11-2024,"chips, yogurt"
T1328,22-11-2024,"buns, ketchup, toothpaste, shampoo, soap, milk, mayonnaise, juice, bread, cheese"
T1329,22-11-2024,"bread, eggs, milk, juice, butter"
T1330,23-11-2024,"potatoes, milk, cereal"
T1331,23-11-2024,"onions, fish, sugar, potatoes, rice, tomatoes"
T1332,23-11-2024,"potatoes, cheese, tomatoes, buns, chicken, salt, ketchup, rice, cooking oil"
T1333,23-11-2024,"chicken, biscuits, milk, sugar, tea"
T1334,24-11-2024,"onions, cooking oil, potatoes, salt, rice, tea, eggs, tomatoes, sugar"
T1335,24-11-2024,"butter, bread, chocolate, chips, soft drink, milk, eggs"
T1336,24-11-2024,"onions, tomatoes, eggs, milk, cooking oil, pasta, pasta sauce, coffee, rice"
T1337,24-11-2024,"milk, cereal, pasta sauce, pasta"
T1338,25-11-2024,"juice, bananas, apples, yogurt"
T1339,26-11-2024,"bread, rice, noodles, eggs, butter, tea, ketchup"
T1340,26-11-2024,"biscuits, milk"
T1341,26-11-2024,"buns, chicken, cheese, rice"
T1342,27-11-2024,"rice, tea, sugar, juice, biscuits, salt, noodles, onions, milk, potatoes, tomatoes"
T1343,27-11-2024,"biscuits, sugar, milk"
T1344,27-11-2024,"sugar, bananas, soap, tea, biscuits, eggs, milk, shampoo, toothpaste"
T1345,27-11-2024,"yogurt, fish"
T1346,27-11-2024,"chicken, cheese, coffee, buns, mayonnaise, milk"
T1347,28-11-2024,"chicken, eggs, butter, rice, milk, onions, bread"
T1348,28-11-2024,"bread, soft drink, tea"
T1349,28-11-2024,"bananas, yogurt, tea, biscuits, milk, apples, sugar"
T1350,28-11-2024,"bread, yogurt, milk, soft drink, butter, potatoes, jam"
T1351,28-11-2024,"onions, tomatoes, cereal, rice, buns, bananas, milk, potatoes, cheese"
T1352,29-11-2024,"soap, onions, detergent, milk, toilet paper, tomatoes, rice, cooking oil, potatoes, jam, eggs, bread"
T1353,30-11-2024,"potatoes, cooking oil, salt, onions, rice, tomatoes"
T1354,30-11-2024,"rice, butter, milk, bread, noodles, ketchup, eggs"
T1355,30-11-2024,"yogurt, diapers, fish, milk"
T1356,30-11-2024,"chicken, pasta sauce, pasta, cheese, milk"
T1357,01-12-2024,"toilet paper, milk, tomatoes, potatoes, detergent, cooking oil, rice, onions"
T1358,01-12-2024,"tea, toothpaste, rice, soap, shampoo, milk, sugar, onions, tomatoes, biscuits, chicken, cooking oil, yogurt"
T1359,01-12-2024,"bread, onions, tomatoes, biscuits, yogurt, milk, coffee, butter, rice, chips, eggs"
T1360,01-12-2024,"yogurt, cereal, biscuits, milk, apples, bananas, tea, sugar"
T1361,02-12-2024,"soap, diapers, toothpaste, shampoo, salt, chocolate, soft drink, baby food"
T1362,02-12-2024,"toothpaste, soap, rice"
T1363,02-12-2024,"toilet paper, jam, chips, juice, detergent, butter, soft drink, eggs, milk, bread"
T1364,02-12-2024,"eggs, milk, pasta, chips, pasta sauce, rice, potatoes, bread, tomatoes, butter, onions"
T1365,02-12-2024,"sugar, toothpaste, tea, biscuits"
T1366,02-12-2024,"onions, cooking oil, bananas, apples, tomatoes, yogurt, rice, potatoes, salt, juice"
T1367,03-12-2024,"potatoes, tomatoes, eggs, onions, bread, salt, milk, butter, rice"
T1368,03-12-2024,"milk, butter, bread, cereal, jam"
T1369,03-12-2024,"biscuits, milk, chips, tomatoes, soft drink, onions, tea, rice, chocolate"
T1370,04-12-2024,"chips, milk, bread, diapers"
T1371,04-12-2024,"rice, tea, salt, onions, sugar, tomatoes, cooking oil, biscuits, fish"
T1372,04-12-2024,"salt, onions, potatoes, tomatoes, cooking oil, rice, bread, noodles"
T1373,04-12-2024,"tea, milk, biscuits, sugar"
T1374,04-12-2024,"sugar, ketchup, soft drink, biscuits, chips, eggs, noodles, tea"
T1375,04-12-2024,"noodles, milk, chocolate, potatoes, tomatoes, chips, coffee, onions, soft drink, rice"
T1376,05-12-2024,"tomatoes, biscuits"
T1377,05-12-2024,"tomatoes, cooking oil, onions, juice, bananas, yogurt, fish, apples, rice, chocolate, potatoes"
T1378,05-12-2024,"apples, tomatoes, biscuits, sugar, onions, coffee"
T1379,06-12-2024,"diapers, chips, apples, juice, milk, soft drink, chocolate, noodles"
T1380,06-12-2024,"pasta, rice, soap, bananas, shampoo, toothpaste, pasta sauce"
T1381,06-12-2024,"milk, cereal, toothpaste, biscuits, bananas"
T1382,07-12-2024,"eggs, bread, milk, butter"
T1383,07-12-2024,"butter, chips, jam, biscuits, tea, sugar, bread, milk"
T1384,07-12-2024,"soap, tomatoes"
T1385,07-12-2024,"toilet paper, detergent, butter, milk, soap, bread, bananas"
T1386,07-12-2024,"sugar, milk, diapers, flour, rice, butter, tea, biscuits"
T1387,07-12-2024,"biscuits, pasta, soft drink, cheese, pasta sauce"
T1388,08-12-2024,"milk, rice, chips"
T1389,08-12-2024,"onions, cake, chicken, soap"
T1390,08-12-2024,"salt, sugar, potatoes, tomatoes, chips, cooking oil, bananas"
T1391,08-12-2024,"bread, fish, butter"
T1392,08-12-2024,"butter, cheese, eggs, onions, rice, cooking oil, bread, milk"
T1393,08-12-2024,"chicken, cooking oil, bread, onions, jam, tea, biscuits, rice"
T1394,08-12-2024,"buns, chicken, juice, cheese, ketchup, fish, rice, detergent, soap"
T1395,09-12-2024,"soap, toothpaste"
T1396,09-12-2024,"eggs, bread, tea, juice, sugar, jam, coffee, biscuits, milk"
T1397,09-12-2024,"shampoo, soap, chicken, toothpaste, potatoes, onions, eggs, cooking oil"
T1398,09-12-2024,"rice, cereal, milk, tomatoes, eggs, bread, onions, cake, salt, butter"
T1399,10-12-2024,"milk, eggs, butter, bread"
T1400,10-12-2024,"tea, toilet paper, biscuits, sugar, eggs, bananas"
T1401,10-12-2024,"buns, sugar, eggs, cheese, flour, chicken, ketchup"
T1402,11-12-2024,"pasta, onions, pasta sauce, cheese"
T1403,11-12-2024,"bread, coffee, milk, onions, cereal"
T1404,11-12-2024,"bread, milk, yogurt, cereal, soft drink, jam, butter"
T1405,11-12-2024,"soft drink, tomatoes"
T1406,11-12-2024,"rice, mayonnaise, buns"
T1407,11-12-2024,"milk, chips, bread, butter, tea, sugar, biscuits, soft drink"
T1408,12-12-2024,"cheese, milk, yogurt, cereal"
T1409,12-12-2024,"tomatoes, rice, cooking oil, potatoes, onions"
T1410,12-12-2024,"bread, cereal, jam, butter, coffee, milk, eggs, chips"
T1411,12-12-2024,"chocolate, milk"
T1412,13-12-2024,"tea, cooking oil, milk, onions, tomatoes, noodles, sugar, salt, potatoes, biscuits"
T1413,13-12-2024,"milk, apples, bananas, cereal, yogurt, tea"
T1414,13-12-2024,"onions, cooking oil, chocolate, chicken"
T1415,13-12-2024,"apples, milk, yogurt, noodles"
T1416,13-12-2024,"soft drink, tomatoes, bananas, cereal, chips, chocolate, fish, milk"
T1417,14-12-2024,"tomatoes, eggs, potatoes, salt, cooking oil"
T1418,14-12-2024,"eggs, noodles, coffee"
T1419,14-12-2024,"biscuits, sugar, tea"
T1420,14-12-2024,"rice, buns, toothpaste, ketchup, shampoo"
T1421,15-12-2024,"toothpaste, soap, shampoo"
T1422,16-12-2024,"onions, tomatoes, milk, butter, eggs, potatoes"
T1423,16-12-2024,"eggs, biscuits"
T1424,16-12-2024,"pasta sauce, eggs, potatoes, soft drink, pasta, yogurt, apples, bananas, chips, buns, detergent, cheese, soap, ketchup"
T1425,16-12-2024,"rice, pasta sauce, potatoes, tomatoes, pasta, onions, cheese, salt"
T1426,16-12-2024,"bananas, eggs, butter, flour"
T1427,16-12-2024,"bread, fish, butter, soap, detergent"
T1428,16-12-2024,"tomatoes, milk, butter, potatoes, chips, eggs, rice, salt, bread"
T1429,16-12-2024,"sugar, soft drink, butter, coffee, bread, chocolate, milk, eggs, chips"
T1430,16-12-2024,"eggs, sugar, biscuits, tea, milk"
T1431,16-12-2024,"bread, chocolate, tomatoes, onions"
T1432,16-12-2024,"eggs, bread"
T1433,17-12-2024,"pasta sauce, pasta, cheese"
T1434,17-12-2024,"tomatoes, milk, bread, eggs, butter"
T1435,17-12-2024,"bread, cake, bananas"
T1436,17-12-2024,"cooking oil, chocolate, milk, onions, soft drink, chips, rice, apples, jam, coffee, chicken, bread"
T1437,17-12-2024,"chips, toothpaste, shampoo, eggs, bananas, soap"
T1438,18-12-2024,"sugar, tea, biscuits, juice"
T1439,18-12-2024,"potatoes, cooking oil, rice"
T1440,18-12-2024,"soft drink, pasta sauce, butter, milk, eggs, chips, juice, pasta, sugar, yogurt, flour, cheese, coffee"
T1441,18-12-2024,"cooking oil, butter, juice, milk, eggs, jam, rice, bread"
T1442,18-12-2024,"cheese, eggs"
T1443,18-12-2024,"baby food, diapers, milk, buns, pasta sauce, cheese, pasta"
T1444,18-12-2024,"milk, bananas, coffee, bread, eggs"
T1445,18-12-2024,"butter, jam, biscuits, tea, milk"
T1446,19-12-2024,"bananas, soap, rice"
T1447,19-12-2024,"milk, butter, chocolate, eggs, bread, chips, soft drink"
T1448,19-12-2024,"potatoes, bread"
T1449,20-12-2024,"cooking oil, tea, rice, fish, chicken, milk"
T1450,20-12-2024,"apples, bread, bananas, yogurt"
T1451,20-12-2024,"rice, butter, bread, salt, fish, cooking oil, onions"
T1452,20-12-2024,"potatoes, bread, milk, eggs, jam, onions, tomatoes"
T1453,20-12-2024,"noodles, milk, butter, potatoes, bread, bananas, rice, jam, onions, eggs, cheese, tomatoes"
T1454,20-12-2024,"milk, onions, bread, cooking oil, tomatoes, eggs, potatoes, rice"
T1455,20-12-2024,"sugar, milk, butter, eggs, flour, coffee"
T1456,21-12-2024,"baby food, diapers, eggs"
T1457,21-12-2024,"pasta, pasta sauce"
T1458,21-12-2024,"flour, sugar"
T1459,22-12-2024,"baby food, milk, diapers, noodles, ketchup"
T1460,22-12-2024,"yogurt, apples, bananas, milk, cereal"
T1461,22-12-2024,"cheese, bread, milk, jam, chicken, cereal"
T1462,22-12-2024,"tomatoes, rice, bread, milk, potatoes, onions, cheese, butter, jam"
T1463,23-12-2024,"bread, butter"
T1464,23-12-2024,"bread, tomatoes, onions, chocolate"
T1465,23-12-2024,"butter, bread, fish, eggs"
T1466,23-12-2024,"milk, cake, potatoes, eggs, bread"
T1467,24-12-2024,"coffee, bread, milk, butter, eggs"
T1468,24-12-2024,"chips, cereal, bread, milk, tomatoes"
T1469,24-12-2024,"toothpaste, shampoo"
T1470,24-12-2024,"rice, chicken, biscuits, onions, cooking oil, tomatoes, potatoes"
T1471,24-12-2024,"soft drink, juice, detergent, chips"
T1472,24-12-2024,"bananas, rice, soft drink, toilet paper, onions, chocolate, chips, bread, butter, detergent, cooking oil"
T1473,25-12-2024,"sugar, cake, bread, eggs"
T1474,26-12-2024,"yogurt, bananas, chocolate, juice, salt, cheese, cooking oil, rice, milk, cereal, potatoes, onions, tomatoes"
T1475,26-12-2024,"potatoes, biscuits, tomatoes, tea, sugar, milk"
T1476,26-12-2024,"toilet paper, detergent, soap, milk, bread, butter, eggs"
T1477,26-12-2024,"cheese, buns, ketchup, chicken"
T1478,26-12-2024,"buns, chicken, cheese, pasta, pasta sauce"
T1479,26-12-2024,"biscuits, milk, onions, butter, jam, bread, cooking oil, salt, rice, tomatoes"
T1480,27-12-2024,"eggs, rice, tomatoes, onions, potatoes"
T1481,27-12-2024,"shampoo, ketchup, soap, milk, butter, bread, yogurt, noodles"
T1482,27-12-2024,"milk, eggs, butter, bread"
T1483,27-12-2024,"toilet paper, detergent"
T1484,27-12-2024,"soap, milk, toilet paper, yogurt, bananas, juice, detergent"
T1485,27-12-2024,"tomatoes, milk, yogurt, butter, cereal, fish, eggs, bread"
T1486,28-12-2024,"diapers, sugar, milk, biscuits, baby food, cheese, tea"
T1487,28-12-2024,"eggs, butter, bread, milk"
T1488,28-12-2024,"chocolate, cheese, buns, butter, bananas, ketchup, toilet paper, yogurt, detergent, soap, chips, jam, milk, bread, eggs"
T1489,28-12-2024,"cooking oil, milk, onions, salt, coffee, potatoes, tomatoes, sugar, rice, tea, biscuits"
T1490,28-12-2024,"sugar, cooking oil"
T1491,29-12-2024,"cooking oil, onions, potatoes, rice, salt, detergent, tomatoes, soap"
T1492,29-12-2024,"salt, chips, onions, tomatoes, potatoes, rice, milk, apples, cooking oil, soft drink"
T1493,29-12-2024,"tomatoes, bread"
T1494,29-12-2024,"noodles, ketchup, eggs"
T1495,30-12-2024,"milk, tea, tomatoes, sugar, biscuits"
T1496,30-12-2024,"rice, detergent, ketchup, milk, buns, cereal, diapers, baby food, chicken"
T1497,30-12-2024,"salt, rice, cooking oil, onions, tomatoes"
T1498,30-12-2024,"buns, chicken, mayonnaise, cheese, ketchup"
T1499,30-12-2024,"cereal, milk, onions, chicken, buns, cheese"
T1500,30-12-2024,"bread, yogurt, milk, eggs"
